title,source,datetime,link,type
Gambling and crypto lobbyists pay £3k to sit alongside Tory ministers,The Guardian,2023-10-03,https://www.theguardian.com/politics/2023/oct/03/gambling-crypto-lobbyists-pay-3k-sit-alongside-tory-ministers&ved=2ahUKEwiFkKS6uNqBAxWblGoFHYVgDQYQxfQBegQIBhAC&usg=AOvVaw0ISqmNGm4R8H5IKnBzWWue,False
Expect crypto bankruptcy revelations as Sam Bankman-Fried trial begins,TheStreet,2023-10-03,https://www.thestreet.com/cryptocurrency/policy/expect-crypto-bankruptcy-revelations-as-sam-bankman-fried-trial-begins&ved=2ahUKEwiFkKS6uNqBAxWblGoFHYVgDQYQxfQBegQICRAC&usg=AOvVaw0LUWWp3Ep2ufT_jzFgy_zx,False
Saatchi Gallery Debuts Its First Crypto Art Exhibition,nft now,2023-10-03,https://nftnow.com/news/saatchi-gallery-debuts-its-first-crypto-art-exhibition/&ved=2ahUKEwiFkKS6uNqBAxWblGoFHYVgDQYQxfQBegQIARAC&usg=AOvVaw2P8rCfo4Gje9ox0wD6G7OD,False
Jury selection begins in trial of fallen cryptocurrency mogul Sam Bankman-Fried,AP News,2023-10-03,https://apnews.com/article/bankman-fried-cryptocurrency-trial-e1a6ca570bc401937a04bd15a404f8bd&ved=2ahUKEwiFkKS6uNqBAxWblGoFHYVgDQYQxfQBegQIAxAC&usg=AOvVaw3ebeW8Wzmpn6e6H0XXoUB_,False
PayPal's Stablecoin Boosts Crypto Credibility; Ripple ($XRP) and InQubeta ($QUBE) Thrive on Investments,Bitcoinist,2023-10-03,https://bitcoinist.com/paypals-stablecoin-boosts-crypto-credibility-ripple-xrp-and-inqubeta-qube-thrive-on-investments/&ved=2ahUKEwiFkKS6uNqBAxWblGoFHYVgDQYQxfQBegQICBAC&usg=AOvVaw0f4b-P4374NpQrxiSkTIJf,False
Crypto Whales are Buying These Altcoins for Gains In October,BeInCrypto,2023-10-03,https://beincrypto.com/crypto-whales-buying-altcoins-october/&ved=2ahUKEwiFkKS6uNqBAxWblGoFHYVgDQYQxfQBegQIABAC&usg=AOvVaw06sH_0mT40Uhgoj1yEfR7S,False
"$889,260,000 in Crypto Lost to Hacks, Scams and Rug Pulls in Q3 of 2023, According to Blockchain Security Firm",The Daily Hodl,2023-10-03,https://dailyhodl.com/2023/10/03/889260000-in-crypto-lost-to-hacks-scams-and-rug-pulls-in-q3-of-2023-according-to-blockchain-security-firm/&ved=2ahUKEwiFkKS6uNqBAxWblGoFHYVgDQYQxfQBegQIBRAC&usg=AOvVaw3ldhHeepUxh9WguTfLDc65,True
Celsius Clients Probe Chris Ferraro on Bankrupt Crypto Lender’s Repayment Plan,Bloomberg.com,2023-10-03,https://www.bloomberg.com/news/articles/2023-10-03/celsius-customers-probe-interim-ceo-on-bankruptcy-repayment-plan&ved=2ahUKEwiFkKS6uNqBAxWblGoFHYVgDQYQxfQBegQIBBAC&usg=AOvVaw3H5mrWr9Eop_Fk5QJH6MdP,False
"UniBot (UNIBOT) Falls 0.16%, Underperforms the Crypto Market Tuesday",InvestorsObserver,2023-10-03,https://www.investorsobserver.com/news/crypto-update/unibot-unibot-falls-0-16-underperforms-the-crypto-market-tuesday-2&ved=2ahUKEwiFkKS6uNqBAxWblGoFHYVgDQYQxfQBegQIAhAC&usg=AOvVaw1KNaNoIOEHSBzsItHGvJAk,False
Sam Bankman-Fried goes on trial accused of multi-billion dollar crypto fraud - latest updates,The Telegraph,2023-10-03,https://www.telegraph.co.uk/business/2023/10/03/ftse-100-markets-news-live-food-prices-ftx-trial-latest/&ved=2ahUKEwiFkKS6uNqBAxWblGoFHYVgDQYQxfQBegQIBxAC&usg=AOvVaw0IvZzOFEszcQ6JNlyZchnt,False
Chainalysis to Lay Off 150 Employees Amid Crypto Winter – Cryptopolitan,Cryptopolitan,2023-10-03,https://www.cryptopolitan.com/chainalysis-to-lay-off-150-employees/&ved=2ahUKEwi7-pO-uNqBAxWal2oFHXGuA_E4ChDF9AF6BAgFEAI&usg=AOvVaw1CSss-ah9ZqP0BfkZcXHc3,False
12 crypto experts' tips for companies working with tokenized assets,Cointelegraph,2023-10-03,https://cointelegraph.com/innovation-circle/12-crypto-experts-tips-for-companies-working-with-tokenized-assets&ved=2ahUKEwi7-pO-uNqBAxWal2oFHXGuA_E4ChDF9AF6BAgJEAI&usg=AOvVaw11wHMj-hk6bABI4ANEi2Ps,False
The $5 Crypto-Powered 5G Service Just Unveiled a new Mobile Hotspot,| Cord Cutters News,2023-10-03,https://cordcuttersnews.com/the-5-crypto-powered-5g-service-just-unveiled-a-new-mobile-hotspot/&ved=2ahUKEwi7-pO-uNqBAxWal2oFHXGuA_E4ChDF9AF6BAgDEAI&usg=AOvVaw1lEiLwEozHemMOjl50RJpU,False
Assessing Crypto Asset Systemic Risk: Insights From The IMF Framework Proposal,Bitcoinist,2023-10-03,https://bitcoinist.com/assessing-crypto-systemic-risk-insights-from-imf/&ved=2ahUKEwi7-pO-uNqBAxWal2oFHXGuA_E4ChDF9AF6BAgGEAI&usg=AOvVaw3YnFQvtATR2E4B0IpNB7t0,False
Sam Bankman-Fried’s trial has started. Here’s what you need to know,CNN,2023-10-03,https://www.cnn.com/2023/10/03/investing/sbf-trial-jury-selection/index.html&ved=2ahUKEwi7-pO-uNqBAxWal2oFHXGuA_E4ChDF9AF6BAgAEAI&usg=AOvVaw13l7Bznv3epQuVYV1e_985,False
Trial of disgraced crypto star Bankman-Fried begins,The Port Lavaca Wave,2023-10-03,http://www.portlavacawave.com/news/national/trial-of-disgraced-crypto-star-bankman-fried-begins/article_d2fd99fd-e814-55ad-8ebe-3e7d82e0d281.html&ved=2ahUKEwi7-pO-uNqBAxWal2oFHXGuA_E4ChDF9AF6BAgIEAI&usg=AOvVaw2Ps3oM4aHXPWn5YKioGbPM,False
Protocol Village: Nomic's 'nBTC Interchain Upgrade' Brings Bitcoin Into Cosmos Ecosystem,CoinDesk,2023-10-03,https://www.coindesk.com/tech/2023/10/02/protocol-latest-tech-news-crypto-blockchain/&ved=2ahUKEwi7-pO-uNqBAxWal2oFHXGuA_E4ChDF9AF6BAgBEAI&usg=AOvVaw21tu_cg9HLPQ358OPZeaCz,False
Investor Beware: Himachal Pradesh's Rs 200 Crore Crypto Scam Exposed,The420CyberNews,2023-10-03,https://www.the420.in/cryptocurrency-scam-himachal-pradesh-rs-200-crore/&ved=2ahUKEwi7-pO-uNqBAxWal2oFHXGuA_E4ChDF9AF6BAgCEAI&usg=AOvVaw0xauPXlmflicV_QHp6RjLq,True
UK Financial Watchdog Hints at New Crypto Sandbox for Next Year,Decrypt,2023-10-03,https://decrypt.co/199900/uk-financial-watchdog-hints-new-crypto-sandbox-next-year/&ved=2ahUKEwi7-pO-uNqBAxWal2oFHXGuA_E4ChDF9AF6BAgHEAI&usg=AOvVaw18nlHy77GWYi0Odb-_fsM0,False
"Crypto's Fallen Star Sam Bankman-Fried On Trial: Conviction Or Acquittal, Stakes Are High",Benzinga,2023-10-03,https://www.benzinga.com/markets/cryptocurrency/23/10/35064614/cryptos-fallen-star-sam-bankman-fried-on-trial-conviction-or-acquittal-stakes-are-high&ved=2ahUKEwj-58m_uNqBAxXTmmoFHbT9Cws4FBDF9AF6BAgEEAI&usg=AOvVaw3gjS5OVzJ5pBXSU3llYmsL,False
Decentralized Exchange Bluefin’s New Version Goes Live on Sui Network,CoinDesk,2023-10-03,https://www.coindesk.com/markets/2023/10/03/decentralized-exchange-bluefins-new-version-goes-live-on-sui-network/&ved=2ahUKEwj-58m_uNqBAxXTmmoFHbT9Cws4FBDF9AF6BAgJEAI&usg=AOvVaw3qBYgbCln_cKm-XI1sLf_6,False
Elon Musk told to dump Satoshi 'X' account: crypto community,Cointelegraph,2023-10-03,https://cointelegraph.com/news/crypto-community-elon-musk-remove-satoshi-account&ved=2ahUKEwj-58m_uNqBAxXTmmoFHbT9Cws4FBDF9AF6BAgIEAI&usg=AOvVaw2lpv1Wj3Afa0qVmAIH_ZWM,False
"Crypto Trader Predicts More Rallies for Bitcoin, Says BTC Breaking Out Against Major Stock Index",The Daily Hodl,2023-10-03,https://dailyhodl.com/2023/10/03/crypto-trader-predicts-more-rallies-for-bitcoin-says-btc-breaking-out-against-major-stock-index/&ved=2ahUKEwj-58m_uNqBAxXTmmoFHbT9Cws4FBDF9AF6BAgAEAI&usg=AOvVaw0T29mkXM3IPyI1M_334RAu,False
Tightening Grip: How New U.S. Regulations Impact the Crypto Frontier,FinanceFeeds,2023-10-03,https://financefeeds.com/tightening-grip-how-new-u-s-regulations-impact-the-crypto-frontier/&ved=2ahUKEwj-58m_uNqBAxXTmmoFHbT9Cws4FBDF9AF6BAgGEAI&usg=AOvVaw3dTb4EaJC_NBfNvrmupsDM,False
Crypto Com Adds New Shiba Inu and BONE Trading Pairs Against Paypal USD,The Crypto Basic,2023-10-03,https://thecryptobasic.com/2023/10/03/crypto-com-adds-new-shiba-inu-and-bone-trading-pairs-against-paypal-usd/&ved=2ahUKEwj-58m_uNqBAxXTmmoFHbT9Cws4FBDF9AF6BAgBEAI&usg=AOvVaw2l_UFjslmzqjiFwqPjdm89,False
"Sam Bankman-Fried, 31, goes on trial for the 'biggest fraud in history' after 'defrauding FTX customers out of",Daily Mail,2023-10-03,https://www.dailymail.co.uk/news/article-12588603/sam-bankman-fried-trial.html&ved=2ahUKEwj-58m_uNqBAxXTmmoFHbT9Cws4FBDF9AF6BAgDEAI&usg=AOvVaw2kYZZ1zAskYAM9-tiXTeCT,False
Binance collaborates with Royal Thai Police to seize $277M from scammers,Cointelegraph,2023-10-03,https://cointelegraph.com/news/binance-collaborates-with-royal-thai-police-to-seize-277m-from-scammers&ved=2ahUKEwj-58m_uNqBAxXTmmoFHbT9Cws4FBDF9AF6BAgFEAI&usg=AOvVaw31vjfXuGG5jFbypBMtlCud,True
ETF filings changed the Bitcoin narrative overnight — Ledger CEO,Cointelegraph,2023-10-03,https://cointelegraph.com/news/etf-bitcoin-ledger-ceo-pascal-gauthier&ved=2ahUKEwj-58m_uNqBAxXTmmoFHbT9Cws4FBDF9AF6BAgCEAI&usg=AOvVaw1SN8hGNalIOLQTwLlKZZTc,False
US fraud trial of disgraced crypto star Sam Bankman-Fried begins,Moneycontrol,2023-10-03,https://www.moneycontrol.com/news/business/cryptocurrency/us-fraud-trial-of-disgraced-crypto-star-sam-bankman-fried-begins-11471031.html&ved=2ahUKEwj-58m_uNqBAxXTmmoFHbT9Cws4FBDF9AF6BAgHEAI&usg=AOvVaw0QwagEr8Aqh6jUOQTtota5,False
September Breakouts! 5 Crypto Projects Ready to Dominate,ZyCrypto,2023-10-03,https://zycrypto.com/september-breakouts-5-crypto-projects-ready-to-dominate/&ved=2ahUKEwid0vPAuNqBAxUPm2oFHVPiAVo4HhDF9AF6BAgCEAI&usg=AOvVaw00kTId6mWSjgXRX2MYL9PY,False
"SBF heads to trial over FTX crypto fraud, collapse; everything to know",Business Insider,2023-10-03,https://www.businessinsider.com/sam-bankman-fried-sbf-fraud-trial-ftx-explainer-2023-10&ved=2ahUKEwid0vPAuNqBAxUPm2oFHVPiAVo4HhDF9AF6BAgJEAI&usg=AOvVaw1N8zisaoQykcQ9V9rqa0yM,False
What Is the Grayscale Bitcoin Trust (GBTC)?,Unchained Crypto,2023-10-03,https://unchainedcrypto.com/grayscale-bitcoin-trust-gbtc/&ved=2ahUKEwid0vPAuNqBAxUPm2oFHVPiAVo4HhDF9AF6BAgBEAI&usg=AOvVaw3iIvqWxQI9mU-F-GvarGa8,False
Elon Musk Declares The U.S. Dollar ‘A Scam’ Amid Fears Of $33 Trillion U.S. ‘Debt Death Spiral’ As The Bitcoin Price Soars,Forbes,2023-10-03,https://www.forbes.com/sites/digital-assets/2023/10/03/elon-musk-declares-the-us-dollar-a-scam-amid-fears-of-33-trillion-us-debt-death-spiral-as-the-bitcoin-price-soars/&ved=2ahUKEwid0vPAuNqBAxUPm2oFHVPiAVo4HhDF9AF6BAgHEAI&usg=AOvVaw30NZJO6WQXzoAKH4wSWoHo,True
A Crypto Recession Looming? Commodity Strategist Raises The Red Flag,Bitcoinist,2023-10-03,https://bitcoinist.com/a-crypto-recession-looming-analyst-raises-red-flag/&ved=2ahUKEwid0vPAuNqBAxUPm2oFHVPiAVo4HhDF9AF6BAgFEAI&usg=AOvVaw3rwuzN-jE9HtvIMmHQfCEX,False
Hong Kong Adds ‘Potential Tailwind’ for East Asia Crypto Trading Volumes: Chainalysis,Decrypt,2023-10-03,https://decrypt.co/199874/hong-kong-adds-potential-tailwind-east-asia-crypto-trading-volumes-chainalysis/&ved=2ahUKEwid0vPAuNqBAxUPm2oFHVPiAVo4HhDF9AF6BAgGEAI&usg=AOvVaw3Did4RaXorkBwdxT72Igni,False
MicroStrategy's Latest Bitcoin Investment – How Do Whales Affect Crypto Coins?,FinSMEs,2023-10-03,https://www.finsmes.com/2023/10/microstrategys-latest-bitcoin-investment-how-do-whales-affect-crypto-coins.html&ved=2ahUKEwid0vPAuNqBAxUPm2oFHVPiAVo4HhDF9AF6BAgIEAI&usg=AOvVaw3hAdPAWYN25Q2zIhIz0DbY,False
On-Chain Sleuthing Firm Chainalysis Slashes Headcount by 135,Decrypt,2023-10-03,https://decrypt.co/199873/on-chain-sleuthing-firm-chainalysis-slashes-headcount-135/&ved=2ahUKEwid0vPAuNqBAxUPm2oFHVPiAVo4HhDF9AF6BAgAEAI&usg=AOvVaw3CFw6IaNtQaa_6uhuVjiAG,False
The crypto market bears the scars of FTX's collapse,Reuters,2023-10-03,https://www.reuters.com/technology/crypto-market-still-bears-scars-ftxs-collapse-2023-10-03/&ved=2ahUKEwid0vPAuNqBAxUPm2oFHVPiAVo4HhDF9AF6BAgEEAI&usg=AOvVaw2-YK61GEmKXG5dXJHfi1ID,False
Kazakh crypto miners plead with president to cut energy prices,Cointelegraph,2023-10-03,https://cointelegraph.com/news/kazakh-crypto-miners-ask-president-cut-energy-prices&ved=2ahUKEwid0vPAuNqBAxUPm2oFHVPiAVo4HhDF9AF6BAgDEAI&usg=AOvVaw1QHMS3v0ZQVzw-fI4bse18,False
China warming up to crypto via Hong Kong hub,The Asset,2023-10-03,https://www.theasset.com/article/50118/china-warming-up-to-crypto-via-hong-kong-hub&ved=2ahUKEwjcvJ7CuNqBAxW4l2oFHcKYDjg4KBDF9AF6BAgFEAI&usg=AOvVaw0Wy7kfJwDskus7k2xeld6I,False
Bitcoin Falls After Disappointing Crypto ETF Debuts Spark Worry,Barron's,2023-10-03,https://www.barrons.com/articles/bitcoin-crypto-markets-today-4866857d&ved=2ahUKEwjcvJ7CuNqBAxW4l2oFHcKYDjg4KBDF9AF6BAgJEAI&usg=AOvVaw2y0x8flxkHuY2F4DNMYi-e,False
"Rollbit Recorded $38M in September Betting Revenues, RLB Token Climbs",CoinDesk,2023-10-03,https://www.coindesk.com/tech/2023/10/03/rollbit-recorded-38m-in-september-betting-revenues-rlb-token-climbs/&ved=2ahUKEwjcvJ7CuNqBAxW4l2oFHcKYDjg4KBDF9AF6BAgIEAI&usg=AOvVaw1oJ8pzDMFYebbCKy9TmjU1,False
It's Sam Bankman-Fried's trial. But it's cryptocurrency's colonoscopy.,Slate Magazine,2023-10-03,https://slate.com/technology/2023/10/sbf-trial-ftx-alameda-cryptocurrency-reckoning.html&ved=2ahUKEwjcvJ7CuNqBAxW4l2oFHcKYDjg4KBDF9AF6BAgGEAI&usg=AOvVaw0k_dXx9A9mbWubSh-nVqb7,False
We Asked ChatGPT if XRP Will Be a Top 3 Crypto in 2024 if Ripple Wins SEC Case,CryptoPotato,2023-10-03,https://cryptopotato.com/we-asked-chatgpt-if-xrp-will-be-a-top-3-crypto-in-2024-if-ripple-wins-sec-case/&ved=2ahUKEwjcvJ7CuNqBAxW4l2oFHcKYDjg4KBDF9AF6BAgCEAI&usg=AOvVaw2Guslqt_M5D2lGSqxBHJxY,False
Crypto in the courtroom: FTX founder Sam Bankman-Fried goes on trial for fraud • FRANCE 24 English,YouTube,2023-10-03,https://www.youtube.com/watch%3Fv%3Dqn6vVDaRCj0&ved=2ahUKEwjcvJ7CuNqBAxW4l2oFHcKYDjg4KBDF9AF6BAgBEAI&usg=AOvVaw0THOaGFN0SdUDKAYKtr5a4,False
"Who is Sam Bankman-Fried, the former 'King of Crypto' on trial for fraud?",Sky News,2023-10-03,https://news.sky.com/story/who-is-sam-bankman-fried-the-former-king-of-crypto-on-trial-for-fraud-12971519&ved=2ahUKEwjcvJ7CuNqBAxW4l2oFHcKYDjg4KBDF9AF6BAgEEAI&usg=AOvVaw3YXTAl50ByYpJDB5fJzTRG,False
Crypto Could Be a Mystery to Jurors in Bankman-Fried Case,The Wall Street Journal,2023-10-03,https://www.wsj.com/finance/currencies/sam-bankman-fried-ftx-trial-jurors-c05ab518&ved=2ahUKEwjcvJ7CuNqBAxW4l2oFHcKYDjg4KBDF9AF6BAgDEAI&usg=AOvVaw3OOB3UuFm6BiUbI087E8xI,False
Binance Helps Thai Law Enforcement in $277 Million Crypto Scam Bust,Coinpedia,2023-10-03,https://coinpedia.org/news/binance-joins-thai-law-enforcement-in-277-million-crypto-scam-bust/&ved=2ahUKEwjcvJ7CuNqBAxW4l2oFHcKYDjg4KBDF9AF6BAgHEAI&usg=AOvVaw1iNBcVQjaICU8ueX2_7hlc,True
"Here’s What’s in Store for Bitcoin (BTC) and the S&P 500 for Q4 2023, According to Crypto Analyst Jason Pizzino",The Daily Hodl,2023-10-03,https://dailyhodl.com/2023/10/03/heres-whats-in-store-for-bitcoin-btc-and-the-sp-500-for-q4-2023-according-to-crypto-analyst-jason-pizzino/&ved=2ahUKEwjcvJ7CuNqBAxW4l2oFHcKYDjg4KBDF9AF6BAgAEAI&usg=AOvVaw06qQW7O3bLTMGV0yKvDLmU,False
"Crypto Products Record $21 Million Inflows, Solana Leads Altcoin Resurgence",Crypto News,2023-10-03,https://cryptonews.com/news/crypto-products-record-21-million-inflows-solana-leads-altcoin-resurgence.htm&ved=2ahUKEwj4r-jDuNqBAxULk2oFHVqtClA4MhDF9AF6BAgIEAI&usg=AOvVaw1xOf1tNr0kG9gFvI5GoMs8,False
Why Is The Crypto Market Down Today? 3 Factors You Should Know,Coinpedia,2023-10-03,https://coinpedia.org/news/why-is-the-crypto-market-down-today-here-are-the-key-factors/&ved=2ahUKEwj4r-jDuNqBAxULk2oFHVqtClA4MhDF9AF6BAgJEAI&usg=AOvVaw228Is3YacsXkvFbz7Z0Dbj,False
Bankrupt Crypto Lender Celsius Eyes Creditor Payback by Year End,Decrypt,2023-10-03,https://decrypt.co/199871/bankrupt-crypto-lender-celsius-eyes-creditor-payback-year-end/&ved=2ahUKEwj4r-jDuNqBAxULk2oFHVqtClA4MhDF9AF6BAgGEAI&usg=AOvVaw1vcXIsrJq2On46uKVN87qH,False
Former FTX CEO Sam Bankman-Fried's trial set to begin Tuesday,ABC News,2023-10-03,https://abcnews.go.com/Business/former-ftx-ceo-sam-bankman-fried-trial/story%3Fid%3D103654169&ved=2ahUKEwj4r-jDuNqBAxULk2oFHVqtClA4MhDF9AF6BAgDEAI&usg=AOvVaw1EYPe0FiI9c0JkFbJSQ8bj,False
From crypto to court: what to know about Sam Bankman-Fried’s trial,The Guardian,2023-10-03,https://www.theguardian.com/business/2023/oct/03/sam-bankman-fried-crypto-ftx-fraud-trial-explainer&ved=2ahUKEwj4r-jDuNqBAxULk2oFHVqtClA4MhDF9AF6BAgAEAI&usg=AOvVaw1EJCXKpU_wd6vG0vBVIdaV,False
What to know as Sam Bankman-Fried's blockbuster trial kicks off,NPR,2023-10-03,https://www.npr.org/2023/10/03/1202965753/ftx-sam-bankman-fried-sbf-trial-crypto&ved=2ahUKEwj4r-jDuNqBAxULk2oFHVqtClA4MhDF9AF6BAgCEAI&usg=AOvVaw2MfjUbJUCaro5dfbvSgkpz,False
"Head of Portugal central bank deems crypto unsustainable, calls for global regulation",Cointelegraph,2023-10-03,https://cointelegraph.com/news/crypto-unsustainable-portugal-central-banker&ved=2ahUKEwj4r-jDuNqBAxULk2oFHVqtClA4MhDF9AF6BAgHEAI&usg=AOvVaw3ewDTBNsGaLxuIt6B44KD9,False
Sam Bankman-Fried trial threatens crypto lobby's revival in Congress - POLITICO,Politico,2023-10-03,https://www.politico.com/news/2023/10/03/sam-bankman-fried-trial-crypto-lobby-congress-00118858&ved=2ahUKEwj4r-jDuNqBAxULk2oFHVqtClA4MhDF9AF6BAgEEAI&usg=AOvVaw0onyuoQngF6RYfBjukXp2X,False
"Fed inspector blames crypto focus, nepotism for Silvergate Bank collapse",Cointelegraph,2023-10-03,https://cointelegraph.com/news/fed-report-blames-crypto-nepotism-silvergate-bank-collapse&ved=2ahUKEwj4r-jDuNqBAxULk2oFHVqtClA4MhDF9AF6BAgBEAI&usg=AOvVaw2Tt7T3h2wWotf5aSGlYP3d,False
Trial of former cryptocurrency star Sam Bankman-Fried begins in Manhattan,The Guardian,2023-10-03,https://www.theguardian.com/business/2023/oct/03/sam-bankman-fried-ftx-crypto-trial-start&ved=2ahUKEwj4r-jDuNqBAxULk2oFHVqtClA4MhDF9AF6BAgFEAI&usg=AOvVaw265ajv3T57Imztc-KDD75r,False
Bitcoin Buckles to $27.4K as Crypto Rally Fizzles on Macro Jitters,CoinDesk,2023-10-03,https://www.coindesk.com/markets/2023/10/03/bitcoin-drops-below-28k-on-profit-taking-doge-trx-lead-altcoin-slump/&ved=2ahUKEwi6rsHFuNqBAxXJl2oFHV_vCf84PBDF9AF6BAgDEAI&usg=AOvVaw1IkKuWpHLds1Wc5CDqk6Sd,False
Crypto Analyst Predicts XRP Price To Hit $0.66 This Week,NewsBTC,2023-10-03,https://www.newsbtc.com/analysis/xrp/crypto-analyst-predicts-xrp-price-to-hit-0-66-this-week/&ved=2ahUKEwi6rsHFuNqBAxXJl2oFHV_vCf84PBDF9AF6BAgJEAI&usg=AOvVaw1q-2LJccsL_PkqIH3t-Bo4,False
More than $50 million owed to creditors after collapse of Blockchain Global's cryptocurrency exchange,ABC,2023-10-03,https://www.abc.net.au/news/2023-10-03/blockchain-global-collapse-cryptocurrency-asic-730/102925444&ved=2ahUKEwi6rsHFuNqBAxXJl2oFHV_vCf84PBDF9AF6BAgBEAI&usg=AOvVaw0b5RkFqILBsmMv1meRR3yP,False
"""It's A Knife Fight"" As Crypto Traders Get Tokenised",NDTV,2023-10-03,https://www.ndtv.com/world-news/its-a-knife-fight-as-crypto-traders-get-tokenised-4444522&ved=2ahUKEwi6rsHFuNqBAxXJl2oFHV_vCf84PBDF9AF6BAgEEAI&usg=AOvVaw1PF-6_DusIkT3Dqfjdx3Ca,False
"Crypto Rug-Pulls Affect Thousands of Users in Himachal Pradesh, Over Rs 200 Crore Lost",Gadgets 360,2023-10-03,https://www.gadgets360.com/cryptocurrency/news/crypto-rug-pull-scam-thousands-himachal-pradesh-residents-lose-crores-4444687&ved=2ahUKEwi6rsHFuNqBAxXJl2oFHV_vCf84PBDF9AF6BAgCEAI&usg=AOvVaw3HMdH4akW6qQ-i8UtwoBgd,False
IMF Proposes New Approach to Tackle Crypto Risks,BeInCrypto,2023-10-03,https://beincrypto.com/imf-approach-crypto-risks/&ved=2ahUKEwi6rsHFuNqBAxXJl2oFHV_vCf84PBDF9AF6BAgHEAI&usg=AOvVaw3Y8hdRL22q-LQmb-TqmZwA,False
Chainalysis Cuts 15% of Staff in Latest Crypto Job Losses,Bloomberg.com,2023-10-03,https://www.bloomberg.com/news/articles/2023-10-03/chainalysis-says-it-decided-to-part-ways-with-15-of-staff&ved=2ahUKEwi6rsHFuNqBAxXJl2oFHV_vCf84PBDF9AF6BAgFEAI&usg=AOvVaw1ASlfXRIX3BL4mviWLI344,False
Here's what happened in crypto today,Cointelegraph,2023-10-03,https://cointelegraph.com/news/what-happened-in-crypto-today&ved=2ahUKEwi6rsHFuNqBAxXJl2oFHV_vCf84PBDF9AF6BAgGEAI&usg=AOvVaw0eBtMMWnVyR3gtiWRdvq_t,False
Celsius seeks court approval to start repaying customers by year-end,Cointelegraph,2023-10-03,https://cointelegraph.com/news/celsius-network-bankruptcy-newco-seeks-court-approval-confirmation-hearing&ved=2ahUKEwi6rsHFuNqBAxXJl2oFHV_vCf84PBDF9AF6BAgAEAI&usg=AOvVaw1U9y9NpbUWNfzQKXGHWy-K,False
Rug Pull In Crypto: What It Is And How To Avoid The Scam,NDTV,2023-10-03,https://www.ndtv.com/business/rug-pull-in-crypto-what-it-is-and-how-to-avoid-the-scam-4444475&ved=2ahUKEwiF_fzGuNqBAxVLl2oFHaDjB7g4RhDF9AF6BAgGEAI&usg=AOvVaw0iVgSbBloeVoqKjLdFhHTk,True
Hong Kong could be a 'tailwind' for lagging crypto activity in Asia — Chainalysis,Cointelegraph,2023-10-03,https://cointelegraph.com/news/hong-kong-tailwind-crypto-activity-asia-despite-china-ban-chainalysis&ved=2ahUKEwiF_fzGuNqBAxVLl2oFHaDjB7g4RhDF9AF6BAgJEAI&usg=AOvVaw1ftIVUVGTpUaF3x5rlcG9p,False
"Decoding Sam Bankman-Fried, alleged titan of crypto conmen",The Economist,2023-10-03,https://www.economist.com/culture/2023/10/03/decoding-sam-bankman-fried-alleged-titan-of-crypto-conmen&ved=2ahUKEwiF_fzGuNqBAxVLl2oFHaDjB7g4RhDF9AF6BAgAEAI&usg=AOvVaw2BGoqucsF705S-QcmHrj0O,False
Two men released on bail after arrest over HK$1.52 billion JPEX crypto scandal,Hong Kong Free Press,2023-10-03,https://hongkongfp.com/2023/10/03/two-men-released-on-bail-after-arrest-over-hk1-52-billion-jpex-crypto-scandal/&ved=2ahUKEwiF_fzGuNqBAxVLl2oFHaDjB7g4RhDF9AF6BAgFEAI&usg=AOvVaw2lfo8wZe0ST3O-O06m6hxg,False
Bitcoin (BTC) Price Dips From Six-Week High Amid Bond Rout,Bloomberg.com,2023-10-03,https://www.bloomberg.com/news/articles/2023-10-03/bitcoin-btc-price-dips-from-six-week-high-amid-bond-rout&ved=2ahUKEwiF_fzGuNqBAxVLl2oFHaDjB7g4RhDF9AF6BAgHEAI&usg=AOvVaw0qhiHjA8c5-fNn_fTp0j5y,False
"Bitcoin Surge To $28,400 Triggers $110M Crypto Futures Flush",Bitcoinist,2023-10-03,https://bitcoinist.com/bitcoin-surge-28400-triggers-crypto-futures-flush/&ved=2ahUKEwiF_fzGuNqBAxVLl2oFHaDjB7g4RhDF9AF6BAgDEAI&usg=AOvVaw12aelpj5Jd7s7Fw0aT9nt9,False
Co-founder of collapsed crypto biz Three Arrows cuffed at airport,TheRegister,2023-10-03,https://www.theregister.com/2023/10/03/asia_in_brief/&ved=2ahUKEwiF_fzGuNqBAxVLl2oFHaDjB7g4RhDF9AF6BAgIEAI&usg=AOvVaw3FXYG_UdvPn74JbpBusDec,False
Chainalysis Idling 150 Employees As Chill Of Crypto Winter Persists,Forbes,2023-10-03,https://www.forbes.com/sites/stevenehrlich/2023/10/02/chainalysis-idling-150-employees-as-chill-of-crypto-winter-persists/&ved=2ahUKEwiF_fzGuNqBAxVLl2oFHaDjB7g4RhDF9AF6BAgBEAI&usg=AOvVaw3ltrl-laNclK4WCQ3mJ2Pn,False
Solana Extends Investment Streak to 27 Weeks of Inflows: CoinShares,Decrypt,2023-10-03,https://decrypt.co/199860/solana-institutional-investors-27-weeks-of-inflows/&ved=2ahUKEwiF_fzGuNqBAxVLl2oFHaDjB7g4RhDF9AF6BAgEEAI&usg=AOvVaw01p7B8STR6jdLnOy1_OInd,False
Thousands Lose Over Rs 200 Crore In Series Of Crypto Rug-Pulls In Himachal,NDTV,2023-10-03,https://www.ndtv.com/india-news/thousands-lose-over-rs-200-crore-in-series-of-crypto-rug-pulls-in-himachal-pradesh-4444165&ved=2ahUKEwiF_fzGuNqBAxVLl2oFHaDjB7g4RhDF9AF6BAgCEAI&usg=AOvVaw31jzQ71cYdk9ZN0cbDqBs7,False
Worldcoin Faces Kenya Shutdown: Is This The End Or Beginning For Crypto's Wild Ride?,Bitcoinist,2023-10-03,https://bitcoinist.com/worldcoin-faces-kenya-shutdown-is-this-the-end/&ved=2ahUKEwj-z4zIuNqBAxUFmmoFHZ71Aqc4UBDF9AF6BAgIEAI&usg=AOvVaw3jMVvsLLPFlM-jJ-xYkdJv,False
SEC and 5 Other US Regulators Issue Crypto Investment Warnings – Regulation Bitcoin News,Bitcoin.com News,2023-10-03,https://news.bitcoin.com/sec-and-5-other-us-regulators-issue-crypto-investment-warnings/&ved=2ahUKEwj-z4zIuNqBAxUFmmoFHZ71Aqc4UBDF9AF6BAgJEAI&usg=AOvVaw1GazOWfi4TV4sMSFOUXAcI,False
"SG-based Whampoa, Saison ramp up Web3 focus as crypto shows promise again",DealStreetAsia,2023-10-03,https://www.dealstreetasia.com/stories/whampoa-saison-web3-365134&ved=2ahUKEwj-z4zIuNqBAxUFmmoFHZ71Aqc4UBDF9AF6BAgDEAI&usg=AOvVaw3hX_TPj3pu62YR3KVcZUdn,False
Hiltzik: How Michael Lewis got snowed by SBF,Los Angeles Times,2023-10-03,https://www.latimes.com/business/story/2023-10-02/two-new-books-cover-the-bankman-fried-crypto-scam-one-tells-the-true-story-the-other-is-by-michael-lewis&ved=2ahUKEwj-z4zIuNqBAxUFmmoFHZ71Aqc4UBDF9AF6BAgEEAI&usg=AOvVaw3NaMZmUYXRgHZizZ7y0Jtr,False
Brace For Impact As $200 Million In Crypto Is Being Unlocked In October,NewsBTC,2023-10-03,https://www.newsbtc.com/crypto/200-million-crypto-unlocked/&ved=2ahUKEwj-z4zIuNqBAxUFmmoFHZ71Aqc4UBDF9AF6BAgHEAI&usg=AOvVaw1I5jZMcNu0SLcOd7uWJhBG,False
"Crypto Trader Outlines Massive Price Target for Solana, Says SOL in Midst of Generational Opportunity for Bulls",The Daily Hodl,2023-10-03,https://dailyhodl.com/2023/10/02/crypto-trader-outlines-massive-price-target-for-solana-says-sol-in-midst-of-generational-opportunity-for-bulls/&ved=2ahUKEwj-z4zIuNqBAxUFmmoFHZ71Aqc4UBDF9AF6BAgGEAI&usg=AOvVaw04NcNmNaiGi84-RNxWk3xe,False
Fallen crypto king Sam Bankman-Fried faces 110 years in prison for alleged FTX fraud,The Independent,2023-10-03,https://www.independent.co.uk/news/world/americas/sam-bankman-fried-trial-ftx-b2422648.html&ved=2ahUKEwj-z4zIuNqBAxUFmmoFHZ71Aqc4UBDF9AF6BAgAEAI&usg=AOvVaw2V-poR-r_5QKX_Cv00cAjk,False
JW Verret is tracking the money — while advocating for crypto,Cointelegraph,2023-10-03,https://cointelegraph.com/magazine/6-questions-for-jw-verret-an-attorney-whos-tracking-the-money-but-advocating-for-crypto/&ved=2ahUKEwj-z4zIuNqBAxUFmmoFHZ71Aqc4UBDF9AF6BAgBEAI&usg=AOvVaw25JvNT2k94Ug58SnCcPD16,False
How crypto king Sam Bankman-Fried met fashion queen Anna Wintour,The Times,2023-10-03,https://www.thetimes.co.uk/article/sam-bankman-fried-celebrities-crypto-circle-db03rkdkm&ved=2ahUKEwj-z4zIuNqBAxUFmmoFHZ71Aqc4UBDF9AF6BAgCEAI&usg=AOvVaw0ri1tiWr1Hm_8AGB__6RDW,False
"Crypto Expert Says XRP Price Will Surge 1100% To New All-Time High, Here’s When | Bitcoinist.com",Bitcoinist,2023-10-03,https://bitcoinist.com/xrp-price-surge-1100-expert/&ved=2ahUKEwj-z4zIuNqBAxUFmmoFHZ71Aqc4UBDF9AF6BAgFEAI&usg=AOvVaw1NYZLE-hNWLDSz5hMrJTuw,False
Kenyan MPs call for the shutdown of Sam Altman's Worldcoin's crypto project,Business Insider Africa,2023-10-03,https://africa.businessinsider.com/local/markets/kenyan-mps-call-for-the-shutdown-of-sam-altmans-worldcoins-crypto-project/zcyjf0r&ved=2ahUKEwj6vKvJuNqBAxU4m2oFHU2JCfo4WhDF9AF6BAgAEAI&usg=AOvVaw2CvEC8Gvj2HTOQe_QbYKSd,False
Coinbase Granted License for Crypto Payment Services in Singapore,CryptoPotato,2023-10-03,https://cryptopotato.com/coinbase-granted-license-for-crypto-payment-services-in-singapore/&ved=2ahUKEwj6vKvJuNqBAxU4m2oFHU2JCfo4WhDF9AF6BAgJEAI&usg=AOvVaw1RD-IXGSbTo1gilziGx7T5,False
Bitcoin Up Near $28K Despite Sour Investor Mood,Unchained Crypto,2023-10-03,https://unchainedcrypto.com/bitcoin-hovers-near-28k-despite-sour-investor-mood/&ved=2ahUKEwj6vKvJuNqBAxU4m2oFHU2JCfo4WhDF9AF6BAgEEAI&usg=AOvVaw3FAyIKoIOwgO3HKrpXYnT9,False
UBS Launches First Tokenized Fund on Ethereum,Crypto Briefing,2023-10-03,https://cryptobriefing.com/ubs-launches-first-tokenized-fund-ethereum/&ved=2ahUKEwj6vKvJuNqBAxU4m2oFHU2JCfo4WhDF9AF6BAgGEAI&usg=AOvVaw1heC_NmL4bDOb3jwgtHqE9,False
Will Ethereum Flip Bitcoin? Crypto Analyst Explains How,NewsBTC,2023-10-03,https://www.newsbtc.com/news/ethereum/will-ethereum-flip-bitcoin/&ved=2ahUKEwj6vKvJuNqBAxU4m2oFHU2JCfo4WhDF9AF6BAgFEAI&usg=AOvVaw0vr0rH0NQS_VIdGQgG6zFH,False
Crypto Losses Up 59% in Q3 From Cyberattacks,Crypto News,2023-10-03,https://cryptonews.com/news/crypto-losses-up-59-q3-from-cyberattacks.htm&ved=2ahUKEwj6vKvJuNqBAxU4m2oFHU2JCfo4WhDF9AF6BAgHEAI&usg=AOvVaw3LUzpC-9Uh1qVKQO-JMjHn,False
Crypto Attacks Surge 150% as Losses Hit $685 Million in Q3,Crypto Briefing,2023-10-03,https://cryptobriefing.com/crypto-attacks-surge-150-as-losses-hit-685-million-in-q3/&ved=2ahUKEwj6vKvJuNqBAxU4m2oFHU2JCfo4WhDF9AF6BAgCEAI&usg=AOvVaw11UKkoF-Io6b0EdbGdfY3Z,False
Sam Bankman-Fried set to face trial after spectacular crash of crypto exchange FTX,CBS News,2023-10-03,https://www.cbsnews.com/news/sam-bankman-fried-ftx-trial-cryptocurrency/&ved=2ahUKEwj6vKvJuNqBAxU4m2oFHU2JCfo4WhDF9AF6BAgDEAI&usg=AOvVaw0Um4rakK3Vv6rs7vSwJ4Gz,False
Celsius Network Bankruptcy Trial: Bankrupt Crypto Lender Seeks Restart,Bloomberg.com,2023-10-03,https://www.bloomberg.com/news/articles/2023-10-02/bankrupt-celsius-says-restart-is-crypto-customers-best-option&ved=2ahUKEwj6vKvJuNqBAxU4m2oFHU2JCfo4WhDF9AF6BAgBEAI&usg=AOvVaw17zLlCkN2hHUxYWf9-ntIA,False
OSC alleges crypto custody failure,Advisor's Edge,2023-10-03,https://www.advisor.ca/news/industry-news/osc-alleges-crypto-custody-failure/&ved=2ahUKEwj6vKvJuNqBAxU4m2oFHU2JCfo4WhDF9AF6BAgIEAI&usg=AOvVaw1kArFlWxnAnsZggdG45mnT,False
What to know about Sam Bankman-Fried and FTX before his crypto financial fraud trial,NPR,2023-10-03,https://www.npr.org/2023/10/02/1203097238/what-to-know-about-sam-bankman-fried-and-ftx-before-his-crypto-financial-fraud-t&ved=2ahUKEwimtLrKuNqBAxVElWoFHczpAGw4ZBDF9AF6BAgCEAI&usg=AOvVaw0NZ9VOg-1Ev21UWB4MI-Sx,False
One-third of all CFTC crypto enforcement actions took place this year — Chairman Behnam,Cointelegraph,2023-10-03,https://cointelegraph.com/news/cftc-chair-rostin-behnam-one-third-cftc-crypto-enforcement-actions-occurred-this-year&ved=2ahUKEwimtLrKuNqBAxVElWoFHczpAGw4ZBDF9AF6BAgIEAI&usg=AOvVaw3eCPjSbD3_SsW7Uf68I-6-,False
"Sam Bankman-Fried considered paying Trump $5 billion not to run for president, Michael Lewis tells '60 Minutes'",CNBC,2023-10-03,https://www.cnbc.com/2023/10/02/sam-bankman-fried-considered-paying-trump-5-billion-not-to-run-lewis.html&ved=2ahUKEwimtLrKuNqBAxVElWoFHczpAGw4ZBDF9AF6BAgGEAI&usg=AOvVaw3vZe0QQRmPEZpjJBUaXmTC,False
Grayscale files to convert its Ethereum Trust to a spot ETH ETF: CNBC Crypto World,YouTube,2023-10-03,https://www.youtube.com/watch%3Fv%3D_g390LQ_55A&ved=2ahUKEwimtLrKuNqBAxVElWoFHczpAGw4ZBDF9AF6BAgJEAI&usg=AOvVaw0r0kGaI3_v1AhrBPSatbT0,False
Kenya panel urges shutdown of Worldcoin's crypto project within country,Reuters,2023-10-03,https://www.reuters.com/technology/kenya-panel-urges-shutdown-worldcoins-crypto-project-within-country-2023-10-02/&ved=2ahUKEwimtLrKuNqBAxVElWoFHczpAGw4ZBDF9AF6BAgHEAI&usg=AOvVaw0KvWruLVr2z9Ww1WXsVn_4,False
SEC continues to delay decisions on crypto ETFs: Law Decoded,Cointelegraph,2023-10-03,https://cointelegraph.com/news/sec-delays-decisions-on-crypto-et-fs-law-decoded-sept-25-oct-2&ved=2ahUKEwimtLrKuNqBAxVElWoFHczpAGw4ZBDF9AF6BAgFEAI&usg=AOvVaw1HEcrARdKBGvM2fGNPv6Lg,False
What is FTX founder Sam Bankman-Fried’s trial about?,Al Jazeera,2023-10-03,https://www.aljazeera.com/economy/2023/10/2/what-is-ftx-founder-sam-bankman-frieds-trial-about&ved=2ahUKEwimtLrKuNqBAxVElWoFHczpAGw4ZBDF9AF6BAgEEAI&usg=AOvVaw0z6Ts4f5viurmNeDPlGdr0,False
"Crypto Markets Rise As Ethereum Futures ETFs From VanEck, ProShares and Bitwise Launch",The Daily Hodl,2023-10-03,https://dailyhodl.com/2023/10/02/crypto-markets-rise-as-ethereum-futures-etfs-from-vaneck-proshares-and-bitwise-launch/&ved=2ahUKEwimtLrKuNqBAxVElWoFHczpAGw4ZBDF9AF6BAgBEAI&usg=AOvVaw0qTU-_HPIGZUfKQ-suWivf,False
Fed Report: Silvergate Bank Got Fatally Ensnared in Crypto While Examiners Shrugged,CoinDesk,2023-10-03,https://www.coindesk.com/policy/2023/10/02/fed-report-silvergate-bank-got-fatally-ensnared-in-crypto-while-examiners-shrugged/&ved=2ahUKEwimtLrKuNqBAxVElWoFHczpAGw4ZBDF9AF6BAgAEAI&usg=AOvVaw0JTmrCCmLbcY8CYqCEeqnx,False
Crypto liquidity provider GSR receives regulatory approval in Singapore,Cointelegraph,2023-10-03,https://cointelegraph.com/news/crypto-liquidity-provider-gsr-singapore-regulatory-approval&ved=2ahUKEwimtLrKuNqBAxVElWoFHczpAGw4ZBDF9AF6BAgDEAI&usg=AOvVaw0VmbFsuNKs-gLJzDW67l9K,False
Crypto exchange Coinbase secures Singapore payments licence,Reuters,2023-10-03,https://www.reuters.com/business/finance/crypto-exchange-coinbase-obtains-monetary-authority-singapore-licence-2023-10-02/&ved=2ahUKEwjH5sTLuNqBAxVvmWoFHV3SCNc4bhDF9AF6BAgIEAI&usg=AOvVaw3N5WGN9q9fAFCgxOwc0ri1,False
XRP Price Disappoints: Crypto Analyst Reveals Why He Will No Longer Accumulate,NewsBTC,2023-10-03,https://www.newsbtc.com/analysis/xrp/xrp-price-disappoints-analyst/&ved=2ahUKEwjH5sTLuNqBAxVvmWoFHV3SCNc4bhDF9AF6BAgJEAI&usg=AOvVaw3LywooJaueHxTFV7CUfhhm,False
Ether Futures ETFs Debut as Crypto Fever Reheats,ETF Trends,2023-10-03,https://www.etftrends.com/crypto-channel/ether-futures-etfs-debut-crypto-fever-reheats/&ved=2ahUKEwjH5sTLuNqBAxVvmWoFHV3SCNc4bhDF9AF6BAgFEAI&usg=AOvVaw0BPRvSC0p8KIWPqvpO2t57,False
Coinbase Gets Approval to Offer Crypto Payments Services in Singapore,Crypto Briefing,2023-10-03,https://cryptobriefing.com/coinbase-gets-approval-offer-crypto-payments-singapore/&ved=2ahUKEwjH5sTLuNqBAxVvmWoFHV3SCNc4bhDF9AF6BAgEEAI&usg=AOvVaw1c2ddgLlsSHB-0ixg_zGuq,False
Stock Market Mostly Down As Yields Jump; Crypto Stocks Shine,Investor's Business Daily,2023-10-02,https://www.investors.com/market-trend/stock-market-today/stock-market-unsure-to-start-new-quarter-tesla-deliveries-disappoint/&ved=2ahUKEwjH5sTLuNqBAxVvmWoFHV3SCNc4bhDF9AF6BAgHEAI&usg=AOvVaw2wSrKV6ZIz4r05UWqOPLSU,False
Crypto legend John McAfee's suicide confirmed by Spanish courts,Protos,2023-10-02,https://protos.com/crypto-legend-john-mcafees-suicide-confirmed-by-spanish-courts/&ved=2ahUKEwjH5sTLuNqBAxVvmWoFHV3SCNc4bhDF9AF6BAgCEAI&usg=AOvVaw33L-sQ6dvDou2ff6ZhR2t-,False
Web3 funding is down again as the crypto winter drags on,TechCrunch,2023-10-02,https://techcrunch.com/2023/10/02/web3-venture-funding-q3/&ved=2ahUKEwjH5sTLuNqBAxVvmWoFHV3SCNc4bhDF9AF6BAgGEAI&usg=AOvVaw0sT-C6Us4PkbfWvpaOUOxN,False
"C is for crypto, but the CFTC didn't get the memo",Blockworks,2023-10-02,https://blockworks.co/news/cftc-enforcement-defi&ved=2ahUKEwjH5sTLuNqBAxVvmWoFHV3SCNc4bhDF9AF6BAgDEAI&usg=AOvVaw2hAfNo6m5D4XH163wng68r,False
Meta fights Andrew Forrest for documents in battle over alleged crypto scam,The Guardian,2023-10-02,https://www.theguardian.com/australia-news/2023/oct/02/meta-fights-andrew-forrest-for-documents-in-battle-over-alleged-crypto-scam&ved=2ahUKEwjH5sTLuNqBAxVvmWoFHV3SCNc4bhDF9AF6BAgBEAI&usg=AOvVaw2nOVCBtEIpEnm2aRFtaZh4,True
"Bitcoin, Solana products lead first crypto investment inflow since mid-August",CryptoSlate,2023-10-02,https://cryptoslate.com/bitcoin-solana-investment-products-lead-first-crypto-inflow-since-mid-august/&ved=2ahUKEwjH5sTLuNqBAxVvmWoFHV3SCNc4bhDF9AF6BAgAEAI&usg=AOvVaw0w2BNGIRoQb1x2ptuapF6x,False
Sam Bankman-Fried must now convince a jury that the former crypto king was not a crook,The Journal Gazette,2023-10-02,https://www.journalgazette.net/business/sam-bankman-fried-must-now-convince-a-jury-that-the-former-crypto-king-was-not/article_3bdb3dc1-9c02-5d34-92eb-03eb026deea1.html&ved=2ahUKEwi47-LMuNqBAxUonGoFHQFiCAI4eBDF9AF6BAgAEAI&usg=AOvVaw0aUzmRAactuLwrqTcbeL8n,False
Grayscale Ethereum Trust Seeks SEC Approval to Convert to Spot ETF,Crypto Briefing,2023-10-02,https://cryptobriefing.com/grayscale-ethereum-trust-seeks-sec-approval-spot-etf/&ved=2ahUKEwi47-LMuNqBAxUonGoFHQFiCAI4eBDF9AF6BAgJEAI&usg=AOvVaw2I71BbwaFAG8ycpm4O3Hui,False
Swiss crypto bank Sygnum's Singapore arm gets full licence to offer brokerage service here,The Straits Times,2023-10-02,https://www.straitstimes.com/business/swiss-crypto-bank-sygnum-s-singapore-arm-gets-full-licence-to-offer-brokerage-service-here&ved=2ahUKEwi47-LMuNqBAxUonGoFHQFiCAI4eBDF9AF6BAgBEAI&usg=AOvVaw1x7nDm0hZJ5voxphHPCKoZ,False
Chainalysis: Hong Kong and China’s OTC Markets Remain Active Despite Crypto Winter,CoinDesk,2023-10-02,https://www.coindesk.com/business/2023/10/02/chainalysis-hong-kong-and-chinas-otc-markets-remain-active-despite-crypto-winter/&ved=2ahUKEwi47-LMuNqBAxUonGoFHQFiCAI4eBDF9AF6BAgGEAI&usg=AOvVaw0lejjEyPKNns4gFS1PbzTC,False
"Free Crypto Signals Group Crypto Whales Pumps on Fire as Subscribers Surpass 25,000",Crypto News,2023-10-02,https://cryptonews.com/news/free-crypto-signals-group-crypto-whales-pumps-fire-as-subscribers-surpass-25000.htm&ved=2ahUKEwi47-LMuNqBAxUonGoFHQFiCAI4eBDF9AF6BAgEEAI&usg=AOvVaw0xwJatUdyVvvBnLOASS8d-,False
Bitcoin And Crypto: The 3 Game-Changing Events This Week,Bitcoinist,2023-10-02,https://bitcoinist.com/bitcoin-crypto-forecast-3-game-changing-events/&ved=2ahUKEwi47-LMuNqBAxUonGoFHQFiCAI4eBDF9AF6BAgCEAI&usg=AOvVaw1hiXSbOM5wyKHVucZewcu6,False
"Bitcoin Hits 2-Month High, Crypto Stocks Climb As Traders Fuel Rally",Markets Insider,2023-10-02,https://markets.businessinsider.com/news/currencies/bitcoin-crypto-stocks-traders-fuel-rally-btc-bankman-fried-ftx-2023-10&ved=2ahUKEwi47-LMuNqBAxUonGoFHQFiCAI4eBDF9AF6BAgHEAI&usg=AOvVaw2Jpv4SfAgG_NNPOiu4fI6R,False
"Short seller Jim Chanos slams Michael Lewis for defending FTX, says crypto empire was 'massively insolvent' just like Enron",MarketWatch,2023-10-02,https://www.marketwatch.com/story/short-seller-jim-chanos-slams-michael-lewis-for-defending-ftx-says-crypto-empire-was-massively-insolvent-just-like-enron-af6c3da6&ved=2ahUKEwi47-LMuNqBAxUonGoFHQFiCAI4eBDF9AF6BAgFEAI&usg=AOvVaw2FLATkPIZsYBDZ-qHs50Q8,False
Bitcoin Price Surges to Start October. Why the Gains Could Get Even Better.,Barron's,2023-10-02,https://www.barrons.com/articles/bitcoin-ethereum-price-crypto-markets-today-158195fd&ved=2ahUKEwi47-LMuNqBAxUonGoFHQFiCAI4eBDF9AF6BAgIEAI&usg=AOvVaw2tloG2a8IuLhtocAMzUeuc,False
Sam Bankman-Fried sure looks guilty—so why is he rolling the dice in court?,Fortune,2023-10-02,https://fortune.com/crypto/2023/10/02/why-isnt-sam-bankman-fried-pleading-guilty-fraud-trial/&ved=2ahUKEwi47-LMuNqBAxUonGoFHQFiCAI4eBDF9AF6BAgDEAI&usg=AOvVaw2KBqWhtipo3Ht1e5RWjH51,False
"Crypto Investors Lost $686 Million to Hacks, Fraud in Just 3 Months: Immunefi",Decrypt,2023-10-02,https://decrypt.co/199728/investors-lost-686-million-last-quarter-to-hacks-fraud-immunefi/&ved=2ahUKEwjAo4bOuNqBAxV1l2oFHcN3Bnw4ggEQxfQBegQIARAC&usg=AOvVaw2gFVWLjsj7kYUiE7IS0_jD,False
Crypto trading in mainland China and Hong Kong drops along with East Asia,South China Morning Post,2023-10-02,https://www.scmp.com/tech/tech-trends/article/3236536/crypto-trading-mainland-china-and-hong-kong-drops-along-east-asia-activity-adoption-continues-report&ved=2ahUKEwjAo4bOuNqBAxV1l2oFHcN3Bnw4ggEQxfQBegQICRAC&usg=AOvVaw0HOjSgdNxZW8VkJQndeDeb,False
What is Uptober? Bitcoin price closely watched by crypto fans today as October begins,Fast Company,2023-10-02,https://www.fastcompany.com/90961094/bitcoin-price-today-usd-crypto-uptober&ved=2ahUKEwjAo4bOuNqBAxV1l2oFHcN3Bnw4ggEQxfQBegQIABAC&usg=AOvVaw0HGvBhyLOhCfHp83TaGZ6r,False
Former 'crypto king' Sam Bankman-Fried prepares for fight of his life in US trial,The Irish Times,2023-10-02,https://www.irishtimes.com/business/2023/10/02/ftx-founder-sam-bankman-fried-prepares-for-the-fight-of-his-life-in-us-trial/&ved=2ahUKEwjAo4bOuNqBAxV1l2oFHcN3Bnw4ggEQxfQBegQICBAC&usg=AOvVaw3Z6VNBFGQ2YSz_ijfCMpYn,False
‘Shocking’ Leak Blows Up Mystery Of Bitcoin Creator Satoshi Nakamoto,Forbes,2023-10-02,https://www.forbes.com/sites/digital-assets/2023/10/02/shocking-leak-blows-up-mystery-of-bitcoin-creator-satoshi-nakamoto/&ved=2ahUKEwjAo4bOuNqBAxV1l2oFHcN3Bnw4ggEQxfQBegQIBRAC&usg=AOvVaw1kanlZRii0_rREhLci1Iby,False
"Latam Insights: Brazil Launches Nationwide Blockchain ID Program, Venezuelan Crypto Watchdog Extends ...",Bitcoin.com News,2023-10-02,https://news.bitcoin.com/latam-insights-brazil-launches-nationwide-blockchain-id-program-venezuelan-crypto-watchdog-extends-restructuring-period/&ved=2ahUKEwjAo4bOuNqBAxV1l2oFHcN3Bnw4ggEQxfQBegQIBBAC&usg=AOvVaw1rXW3guelGGTgqHgUqJVGt,False
"Bitcoin surges to six-week high, buoying crypto stocks Riot, Hut 8, Bitfarms (BTC-USD)",Seeking Alpha,2023-10-02,https://seekingalpha.com/news/4017045-bitcoin-surges-to-six-week-high-buoying-crypto-stocks-riot-hut8-bitfarms&ved=2ahUKEwjAo4bOuNqBAxV1l2oFHcN3Bnw4ggEQxfQBegQIBxAC&usg=AOvVaw37jj5ZL8uA6HauuSQAAPnq,False
CryptoStruct integrates algo trading solution into Cypator's crypto ECN,FinanceFeeds,2023-10-02,https://financefeeds.com/cryptostruct-integrates-algo-trading-solution-into-cypators-crypto-ecn/&ved=2ahUKEwjAo4bOuNqBAxV1l2oFHcN3Bnw4ggEQxfQBegQIAxAC&usg=AOvVaw2YcZwf-kYzKabX1wMnku7Z,False
FTX’s Sam Bankman-Fried Will Go on Trial on Tuesday,The New York Times,2023-10-02,https://www.nytimes.com/2023/10/02/business/dealbook/bankman-fried-ftx-trial.html&ved=2ahUKEwjAo4bOuNqBAxV1l2oFHcN3Bnw4ggEQxfQBegQIAhAC&usg=AOvVaw2XoB4h_UbubRw-32ZzIGoE,False
"ChatGPT's Top Crypto Picks: Cardano (ADA), Chainlink (LINK), Everlodge (ELDG)",Analytics Insight,2023-10-02,https://www.analyticsinsight.net/chatgpts-top-crypto-picks-cardano-ada-chainlink-link-everlodge-eldg/&ved=2ahUKEwjAo4bOuNqBAxV1l2oFHcN3Bnw4ggEQxfQBegQIBhAC&usg=AOvVaw0PNoDNlZMKk2gXTfWnVidr,False
Report: Hackers Have Stolen $13M From This Crypto Exchange,BeInCrypto,2023-10-02,https://beincrypto.com/hackers-attack-crypto-exchange/&ved=2ahUKEwi9wo7PuNqBAxVbmGoFHUzBBwA4jAEQxfQBegQIBxAC&usg=AOvVaw3nMrlPfQ3eHd7goFYta5rL,False
IMF working paper proposes country-level assessment matrix for crypto risks,Cointelegraph,2023-10-02,https://cointelegraph.com/news/crypto-imf-working-paper-assessment-matrix-risks&ved=2ahUKEwi9wo7PuNqBAxVbmGoFHUzBBwA4jAEQxfQBegQICRAC&usg=AOvVaw2CVeOsGTVWMDLhgoawN91i,False
"Don’t Expect Bitcoin (BTC) Correction to $20,000, Says Crypto Analyst – Here’s Why",The Daily Hodl,2023-10-02,https://dailyhodl.com/2023/10/02/dont-expect-bitcoin-btc-correction-to-20000-says-crypto-analyst-heres-why/&ved=2ahUKEwi9wo7PuNqBAxVbmGoFHUzBBwA4jAEQxfQBegQIBhAC&usg=AOvVaw2CV__zSo3E4CCasrPjJY9J,False
Why Silicon Valley Falls for Frauds,WIRED,2023-10-02,https://www.wired.com/story/why-silicon-valley-falls-for-frauds/&ved=2ahUKEwi9wo7PuNqBAxVbmGoFHUzBBwA4jAEQxfQBegQIBBAC&usg=AOvVaw3xpxLQ40G4_XuCUmJWKD7G,False
Coinbase stock leaps after crypto exchange wins key license in Singapore,TheStreet,2023-10-02,https://www.thestreet.com/investing/stocks/coinbase-stock-leaps-after-crypto-exchange-wins-key-license-in-singapore&ved=2ahUKEwi9wo7PuNqBAxVbmGoFHUzBBwA4jAEQxfQBegQIAxAC&usg=AOvVaw1D8hay3eHjnTtvxkqiZVE5,False
Q3 2023 crowned most 'damaging' quarter for crypto amid $700M losses: Report,Cointelegraph,2023-10-02,https://cointelegraph.com/news/700-m-loss-crypto-hacks-exploits-scams-q3-certik&ved=2ahUKEwi9wo7PuNqBAxVbmGoFHUzBBwA4jAEQxfQBegQIABAC&usg=AOvVaw10F3SnEwthF0i6ZfUu5ExY,False
Crypto Investment Firm Deus X Capital Launches With $1B in Assets,CoinDesk,2023-10-02,https://www.coindesk.com/business/2023/10/02/crypto-investment-firm-deus-x-capital-launches-with-1b-in-assets/&ved=2ahUKEwi9wo7PuNqBAxVbmGoFHUzBBwA4jAEQxfQBegQICBAC&usg=AOvVaw02_CAdnTcwttS-Ojq1vAWu,False
"'Bitcoin to $40000 reasonable' in Q4, says crypto expert",Finbold,2023-10-02,https://finbold.com/bitcoin-to-40000-reasonable-in-q4-says-crypto-expert/&ved=2ahUKEwi9wo7PuNqBAxVbmGoFHUzBBwA4jAEQxfQBegQIBRAC&usg=AOvVaw3YW-Nr49OfXEXPC1k8KKAY,False
Who's Rooting Hardest for a Sam Bankman-Fried Conviction? The Crypto Industry.,The New York Times,2023-10-02,https://www.nytimes.com/2023/10/02/technology/crypto-insiders-sam-bankman-fried-conviction.html&ved=2ahUKEwi9wo7PuNqBAxVbmGoFHUzBBwA4jAEQxfQBegQIAhAC&usg=AOvVaw0YYKxBi0oPUsHjfHW6eYTn,False
"Crypto Goes on Trial, as Sam Bankman-Fried Faces His Reckoning",The New York Times,2023-10-02,https://www.nytimes.com/2023/10/02/technology/ftx-sam-bankman-fried-trial.html&ved=2ahUKEwi9wo7PuNqBAxVbmGoFHUzBBwA4jAEQxfQBegQIARAC&usg=AOvVaw1weYO7IXjSxbszFA5fMuAd,False
FTX customers who lost a fortune on the bankrupt exchange are doubling down on crypto,CNBC,2023-10-02,https://www.cnbc.com/2023/10/02/ftx-customers-who-lost-fortune-are-doubling-down-on-crypto-.html&ved=2ahUKEwiM0ZvQuNqBAxUtkmoFHWYkA204lgEQxfQBegQIABAC&usg=AOvVaw1b-eusjVIhY-DW7wDI3I0K,False
The Collapse of FTX: Insiders Tell All,CNBC,2023-10-02,https://www.cnbc.com/video/2023/10/02/the-collapse-of-ftx-insiders-tell-all.html&ved=2ahUKEwiM0ZvQuNqBAxUtkmoFHWYkA204lgEQxfQBegQICRAC&usg=AOvVaw2lhXbgQ1ONKemxPQWonUGy,False
Week ahead: Fed speech and NFP likely to dictate crypto market moves this week,FXStreet,2023-10-02,https://www.fxstreet.com/cryptocurrencies/news/week-ahead-fed-speech-and-nfp-likely-to-dictate-crypto-market-moves-this-week-202310020748&ved=2ahUKEwiM0ZvQuNqBAxUtkmoFHWYkA204lgEQxfQBegQICBAC&usg=AOvVaw1Cdl7YWCuu3yJgu7_gVSN0,False
Coinbase crypto exchange obtains payment license in Singapore,Cointelegraph,2023-10-02,https://cointelegraph.com/news/coinbase-secures-payment-license-singapore&ved=2ahUKEwiM0ZvQuNqBAxUtkmoFHWYkA204lgEQxfQBegQIBxAC&usg=AOvVaw2WL6nQsrDzfp4sYrRRKuE4,False
Crypto Market Cap Adds $40B Daily as Solana (SOL) Explodes 14% (Market Watch),CryptoPotato,2023-10-02,https://cryptopotato.com/crypto-market-cap-adds-40b-daily-as-solana-sol-explodes-14-market-watch/&ved=2ahUKEwiM0ZvQuNqBAxUtkmoFHWYkA204lgEQxfQBegQIAhAC&usg=AOvVaw0Y8RUZMSWVPOCAjZngNesn,False
Coinbase Obtains Payment License in Singapore,CoinDesk,2023-10-02,https://www.coindesk.com/policy/2023/10/02/coinbase-obtains-payment-license-in-singapore/&ved=2ahUKEwiM0ZvQuNqBAxUtkmoFHWYkA204lgEQxfQBegQIAxAC&usg=AOvVaw1to1k41HcUTQuLy6JDnSz7,False
"Sam Bankman-Fried, Crypto's Former Golden Boy, Goes on Trial",The Wall Street Journal,2023-10-02,https://www.wsj.com/video/series/on-the-news/sam-bankman-fried-cryptos-former-golden-boy-goes-on-trial/8B39B0AD-02CC-43F3-B58A-959BF8B83B31&ved=2ahUKEwiM0ZvQuNqBAxUtkmoFHWYkA204lgEQxfQBegQIBBAC&usg=AOvVaw3MqKZbC5TMhhTWYWUUzCL1,False
September becomes the biggest month for crypto exploits in 2023: CertiK,Cointelegraph,2023-10-02,https://cointelegraph.com/news/crypto-exploits-top-for-crypto-exploits-in-2023-certi-k&ved=2ahUKEwiM0ZvQuNqBAxUtkmoFHWYkA204lgEQxfQBegQIARAC&usg=AOvVaw2fhyIgh-QLLudD7yCpUSRb,False
Top lawyer: Bank crypto transaction ban 'about protecting themselves' - CityAM,City A.M.,2023-10-02,https://www.cityam.com/top-lawyer-bank-crypto-transaction-ban-about-protecting-themselves/&ved=2ahUKEwiM0ZvQuNqBAxUtkmoFHWYkA204lgEQxfQBegQIBRAC&usg=AOvVaw0VYJCA7CX8LqV3Kg-6Sky1,False
Crypto exchange Coinbase obtains Monetary Authority Of Singapore licence,The Star,2023-10-02,https://www.thestar.com.my/tech/tech-news/2023/10/02/crypto-exchange-coinbase-obtains-monetary-authority-of-singapore-licence&ved=2ahUKEwiM0ZvQuNqBAxUtkmoFHWYkA204lgEQxfQBegQIBhAC&usg=AOvVaw12uc9_5OclVVkDYue1S1UB,False
Silvergate Bank's Collapse Blamed on Crypto Focus and Nepotism – Cryptopolitan,Cryptopolitan,2023-10-03,https://www.cryptopolitan.com/silvergate-collapse-blamed-on-crypto-focus/&ved=2ahUKEwiLyYbRuNqBAxWknWoFHeKfAwUQxfQBegQIBhAC&usg=AOvVaw3I5O5-k-8ZrR7_xv3ArKlB,False
Sam Bankman-Fried's Trial Is a Reminder for Crypto Traders to Be Wary,Barron's,2023-10-02,https://www.barrons.com/articles/ftx-sam-bankman-fried-trial-d1f15d2&ved=2ahUKEwiCwK3RuNqBAxVQk2oFHR4DCVw4oAEQxfQBegQIBhAC&usg=AOvVaw0r9g5CBEtUmINaTgeTyyHN,False
"Crazy crypto nights: What ex-employee says about sex orgies, role-playing at FTX",The Times of India,2023-10-02,https://m.timesofindia.com/business/india-business/sam-bankman-fried-caroline-ellison-ftx-cryptocurrency-sex-orgies-alameda-research/articleshow/104097927.cms&ved=2ahUKEwiCwK3RuNqBAxVQk2oFHR4DCVw4oAEQxfQBegQICRAC&usg=AOvVaw0QOEKs965TjBiKuq5S1PsJ,False
Coinbase obtains Major Payment Institution licence from the Monetary Authority of Singapore,Coinbase,2023-10-02,https://www.coinbase.com/blog/coinbase-obtains-major-payment-institution-licence-from-the-monetary&ved=2ahUKEwiCwK3RuNqBAxVQk2oFHR4DCVw4oAEQxfQBegQIBxAC&usg=AOvVaw2zqnLqQcaX5PmEZd-K7F9E,False
"Crypto exchange Coinbase receives full Singapore licence, able to grow institutional business",The Straits Times,2023-10-02,https://www.straitstimes.com/business/banking/crypto-exchange-coinbase-receives-full-singapore-licence&ved=2ahUKEwiCwK3RuNqBAxVQk2oFHR4DCVw4oAEQxfQBegQIAhAC&usg=AOvVaw1zEaGPtt3DoDctjVMMUorX,False
Crypto firms beware: Lazarus' new malware can now bypass detection,Cointelegraph,2023-10-02,https://cointelegraph.com/news/crypto-firms-lazarus-group-new-malware-fake-job-scam&ved=2ahUKEwiCwK3RuNqBAxVQk2oFHR4DCVw4oAEQxfQBegQIABAC&usg=AOvVaw28pfaLOe02a8wLafz8VeE5,False
From crypto wars to financial revolution - Business - DAWN.COM,Dawn,2023-10-02,https://www.dawn.com/news/1778851&ved=2ahUKEwiCwK3RuNqBAxVQk2oFHR4DCVw4oAEQxfQBegQIAxAC&usg=AOvVaw0Z26RyWORudLFOzabHt1ju,False
"Opinion | Play it again, Sam: Inside Bankman-Fried's last year in the crypto game",Washington Post,2023-10-02,https://www.washingtonpost.com/opinions/interactive/2023/michael-lewis-sam-bankman-fried-ftx-crypto/&ved=2ahUKEwiCwK3RuNqBAxVQk2oFHR4DCVw4oAEQxfQBegQIARAC&usg=AOvVaw0ZmExzZ6arw2wNt-t19QUn,False
"SEC Should Not Fix Crypto's Regulatory Gap, Says Paradigm",BeInCrypto,2023-10-02,https://beincrypto.com/sec-crypto-regulations-congress-paradigm/&ved=2ahUKEwiCwK3RuNqBAxVQk2oFHR4DCVw4oAEQxfQBegQICBAC&usg=AOvVaw07lXSNI2bYdDXInQA2h0hu,False
"Sam Bankman-Fried, FTX at center of new Michael Lewis book ""Going Infinite"" | 60 Minutes",CBS News,2023-10-02,https://www.cbsnews.com/news/ftx-founder-sam-bankman-fried-michael-lewis-book-60-minutes-transcript/&ved=2ahUKEwiCwK3RuNqBAxVQk2oFHR4DCVw4oAEQxfQBegQIBBAC&usg=AOvVaw3xBNX26QBVCsVXYnSpKA94,False
"Rise, fall of Sam Bankman-Fried, FTX at center of Michael Lewis' new book | 60 Minutes",CBS News,2023-10-02,https://www.cbsnews.com/video/sam-bankman-fried-michael-lewis-book-60-minutes-video-2023-10-01/&ved=2ahUKEwiCwK3RuNqBAxVQk2oFHR4DCVw4oAEQxfQBegQIBRAC&usg=AOvVaw0TMmCIoMBX9a3rfo-viydx,False
"VC Roundup: Investors eye blockchain analytics, gaming and crypto privacy",Cointelegraph,2023-10-02,https://cointelegraph.com/news/vc-roundup-investors-blockchain-analytics-gaming-crypto-privacy&ved=2ahUKEwia1cXSuNqBAxVwnWoFHeMACq84qgEQxfQBegQIBBAC&usg=AOvVaw29LAFRCJS-aUVrTimreZb5,False
Does Sam Bankman-Fried's Fraud Trial Spell the End of Crypto? : Consider This from NPR,NPR,2023-10-02,https://www.npr.org/2023/10/01/1198908311/does-sam-bankman-frieds-fraud-trial-spell-the-end-of-crypto&ved=2ahUKEwia1cXSuNqBAxVwnWoFHeMACq84qgEQxfQBegQICRAC&usg=AOvVaw0fe_CRz6u9YfgjW4GIGHoV,False
The fall of crypto,NPR,2023-10-02,https://www.npr.org/2023/10/01/1202922909/the-fall-of-crypto&ved=2ahUKEwia1cXSuNqBAxVwnWoFHeMACq84qgEQxfQBegQIBhAC&usg=AOvVaw2PmqFdrUIGJWZjv6TXIAsv,False
This Week on Crypto Twitter: Binance’s CZ and the SEC’s Gary Gensler Face Stiff Criticism,Decrypt,2023-10-02,https://decrypt.co/199658/this-week-on-crypto-twitter-binances-cz-and-the-secs-gary-gensler-face-stiff-criticism/&ved=2ahUKEwia1cXSuNqBAxVwnWoFHeMACq84qgEQxfQBegQIBxAC&usg=AOvVaw0J_urZbYyhR4_xvJqu8APi,False
NFT Sales Slide 9.91% Continuing a 6-Week Downtrend Despite Rising Crypto Prices – Markets and Prices Bitcoin News,Bitcoin.com News,2023-10-01,https://news.bitcoin.com/nft-sales-slide-9-91-continuing-a-6-week-downtrend-despite-rising-crypto-prices/&ved=2ahUKEwia1cXSuNqBAxVwnWoFHeMACq84qgEQxfQBegQICBAC&usg=AOvVaw0-MXrlm5zfwPSKv5Ue0GzT,False
"Crypto funding: A $72M week for cross-chain oracles, NFT merchandise",Blockworks,2023-10-01,https://blockworks.co/news/funding-cross-chain-oracle-nft-merchandise&ved=2ahUKEwia1cXSuNqBAxVwnWoFHeMACq84qgEQxfQBegQIAhAC&usg=AOvVaw2JCwHpu6C1yWEHDKMP9rzz,False
"Crypto Analyst Tips Bitcoin (BTC) To Reach $40,000 In Q4 2023",NewsBTC,2023-10-01,https://www.newsbtc.com/news/bitcoin/crypto-analyst-tips-bitcoin-btc-to-reach-40000-in-q4-2023/&ved=2ahUKEwia1cXSuNqBAxVwnWoFHeMACq84qgEQxfQBegQIBRAC&usg=AOvVaw3g-aZfbXySbz1Ykh1jZJS-,False
"Experts Select Top Coins To Buy Ahead Of 2024 Crypto Bull Run – Shiba Inu, Ethereum, and Kangamoon",Analytics Insight,2023-10-01,https://www.analyticsinsight.net/experts-select-top-coins-to-buy-ahead-of-2024-crypto-bull-run-shiba-inu-ethereum-and-kangamoon/&ved=2ahUKEwia1cXSuNqBAxVwnWoFHeMACq84qgEQxfQBegQIARAC&usg=AOvVaw2xYC84_Sn9wmMK7oDKiRgD,False
Brian Armstrong’s 2024 Bitcoin Price Prediction: Get Ready for the Next Crypto Bull Run,Coinpedia,2023-10-01,https://coinpedia.org/news/brian-armstrongs-2024-bitcoin-price-prediction-get-ready-for-the-next-crypto-bull-run/&ved=2ahUKEwia1cXSuNqBAxVwnWoFHeMACq84qgEQxfQBegQIAxAC&usg=AOvVaw16NnNrfDdM-NkwCOGZhT-_,False
Did SBF ruin crypto?,Slate Magazine,2023-10-01,https://slate.com/podcasts/what-next-tbd/2023/10/did-sbf-ruin-crypto&ved=2ahUKEwia1cXSuNqBAxVwnWoFHeMACq84qgEQxfQBegQIABAC&usg=AOvVaw321pAMSvJy6t0nn8rqrvhh,False
Hong Kong crypto fraud linked to Sydney unit,AFR,2023-10-01,https://www.afr.com/technology/hong-kong-crypto-fraud-licensed-in-australia-linked-to-sydney-unit-20230925-p5e7gw&ved=2ahUKEwim3uXTuNqBAxX8m2oFHab-ChE4tAEQxfQBegQIARAC&usg=AOvVaw2WFH5HvW_-MiG1gCqPXErE,False
Expect new crypto regulations to follow Bitcoin ETFs,Cointelegraph,2023-09-30,https://cointelegraph.com/news/expect-new-crypto-regulations-bitcoin-etfs&ved=2ahUKEwim3uXTuNqBAxX8m2oFHab-ChE4tAEQxfQBegQICRAC&usg=AOvVaw1Z7sCgcPfC4ivhdVO-MRtJ,False
Is crypto proving to be more of a con than a craze amid scandals?,Yahoo Finance,2023-09-30,https://finance.yahoo.com/video/crypto-proving-more-con-craze-123036265.html&ved=2ahUKEwim3uXTuNqBAxX8m2oFHab-ChE4tAEQxfQBegQIAhAC&usg=AOvVaw0IRjjfqyY-2ozSV3h4WFaj,False
Influential US Crypto Industry Leaders Say SEC Overstepped with Binance Allegations,Bloomberg.com,2023-09-30,https://www.bloomberg.com/news/articles/2023-09-30/us-crypto-industry-leaders-paradigm-circle-say-sec-overstepped-on-binance&ved=2ahUKEwim3uXTuNqBAxX8m2oFHab-ChE4tAEQxfQBegQIABAC&usg=AOvVaw3HDoOGq6xcWnVmKCyWMNlo,False
"Elon Musk And X Could Be About To Decide The Fate Of Bitcoin, Ethereum, XRP And Crypto Amid Wild Price Swings",Forbes,2023-09-30,https://www.forbes.com/sites/digital-assets/2023/09/30/elon-musk-and-x-could-be-about-to-decide-the-fate-of-bitcoin-ethereum-xrp-and-crypto-amid-wild-price-swings/&ved=2ahUKEwim3uXTuNqBAxX8m2oFHab-ChE4tAEQxfQBegQIBBAC&usg=AOvVaw1YSXPTK5QzQwScs5w9bMR1,False
Best Crypto Exchanges UK For October 2023 – Forbes Advisor UK,Forbes,2023-09-30,https://www.forbes.com/uk/advisor/investing/cryptocurrency/best-crypto-exchanges-october-2023/&ved=2ahUKEwim3uXTuNqBAxX8m2oFHab-ChE4tAEQxfQBegQIAxAC&usg=AOvVaw3fbpqcKWjBBkcr4rU2sB4u,False
Crypto hedge fund Three Arrows Capital co-founder arrested at Singapore's Changi Airport,CNA,2023-09-30,https://www.channelnewsasia.com/singapore/three-arrows-capital-co-founder-arrested-changi-airport-jailed-su-zhu-crypto-3810641&ved=2ahUKEwim3uXTuNqBAxX8m2oFHab-ChE4tAEQxfQBegQIBhAC&usg=AOvVaw32xBfJ19SKtt0y2pCGYx92,False
"Singapore Crypto Arrest, India Banknote Deadline, China PMI; Asia Briefing",Bloomberg.com,2023-09-30,https://www.bloomberg.com/news/articles/2023-09-30/singapore-crypto-arrest-india-banknote-deadline-china-pmi-asia-briefing&ved=2ahUKEwim3uXTuNqBAxX8m2oFHab-ChE4tAEQxfQBegQIBxAC&usg=AOvVaw2HqxEoJpqNIXf6VvZiWwB7,False
Three Arrows Founder's Arrest Marks Downfall of Crypto Highflier,Bloomberg.com,2023-09-30,https://www.bloomberg.com/news/articles/2023-09-29/crypto-hedge-fund-3ac-s-su-zhu-arrested-in-singapore-latest-enforcement-action&ved=2ahUKEwim3uXTuNqBAxX8m2oFHab-ChE4tAEQxfQBegQICBAC&usg=AOvVaw35hZn-XOo2KKXVOmI2iGkW,False
"Stearns County Residents Loses Thousands in Online, Crypto Scam",KNSI,2023-09-30,https://knsiradio.com/2023/09/29/stearns-county-residents-loses-thousands-in-online-crypto-scam/&ved=2ahUKEwim3uXTuNqBAxX8m2oFHab-ChE4tAEQxfQBegQIBRAC&usg=AOvVaw2UJPKbmgCRUS8I7tM51Gqr,True
The co-founder of a collapsed crypto hedge fund was arrested in Singapore,The Verge,2023-09-30,https://www.theverge.com/2023/9/29/23896188/crypto-hedge-fund-three-arrows-captial-su-zhu-arrest&ved=2ahUKEwjC3YrVuNqBAxVYmWoFHeeDCkE4vgEQxfQBegQICBAC&usg=AOvVaw0YoBq_GZwx_Crp5b5wkIRs,False
Crypto Biz: Kraken offers stock trading as exchanges adapt to changing regulations,Cointelegraph,2023-09-30,https://cointelegraph.com/news/crypto-biz-kraken-offers-stock-trading-exchanges-adapt-regulations&ved=2ahUKEwjC3YrVuNqBAxVYmWoFHeeDCkE4vgEQxfQBegQICRAC&usg=AOvVaw3T-xsIQBYAzTm2iyRXTeWD,False
Here's what happened in crypto today By Cointelegraph,Investing.com,2023-09-30,https://www.investing.com/news/cryptocurrency-news/heres-what-happened-in-crypto-today-3187531&ved=2ahUKEwjC3YrVuNqBAxVYmWoFHeeDCkE4vgEQxfQBegQIAxAC&usg=AOvVaw0v2S4PGnQFL0vCi54j6ADI,False
A Founder of the Crypto Hedge Fund Three Arrows Capital Is Arrested,The New York Times,2023-09-30,https://www.nytimes.com/2023/09/29/technology/su-zhu-founder-crypto-three-arrows-capital-arrested.html&ved=2ahUKEwjC3YrVuNqBAxVYmWoFHeeDCkE4vgEQxfQBegQIARAC&usg=AOvVaw3tUqSY_4qrGyPDTGn1msTr,False
Bitcoin ETFs: A $600B tipping point for crypto,Cointelegraph,2023-09-29,https://cointelegraph.com/news/bitcoin-etfs-600-billion-tipping-point-crypto&ved=2ahUKEwjC3YrVuNqBAxVYmWoFHeeDCkE4vgEQxfQBegQIBRAC&usg=AOvVaw0H67Vfc2n1kzNMvJgZjeAp,False
Fugitive founder of crypto hedge fund that lost $10 billion arrested in Singapore while attempting to flee,CNBC,2023-09-29,https://www.cnbc.com/2023/09/29/fugitive-founder-of-3ac-crypto-hedge-fund-arrested-in-singapore.html&ved=2ahUKEwjC3YrVuNqBAxVYmWoFHeeDCkE4vgEQxfQBegQIABAC&usg=AOvVaw3nt6JdqvS5NMwiDmHoda6Z,False
Bankrupt crypto hedge fund co-founder Su Zhu arrested,Yahoo Finance,2023-09-29,https://finance.yahoo.com/news/bankrupt-crypto-hedge-fund-co-founder-su-zhu-arrested-162236827.html&ved=2ahUKEwjC3YrVuNqBAxVYmWoFHeeDCkE4vgEQxfQBegQIBxAC&usg=AOvVaw00Fb5Jh3HPZR9wy1IjlDg7,False
Sam Bankman-Fried Trial: Crypto’s First Year After FTX Blowup ‘Miserable',Bloomberg.com,2023-09-29,https://www.bloomberg.com/news/features/2023-09-29/sam-bankman-fried-trial-crypto-s-first-year-after-ftx-blowup-miserable&ved=2ahUKEwjC3YrVuNqBAxVYmWoFHeeDCkE4vgEQxfQBegQIAhAC&usg=AOvVaw3Ch5wkbctOg7XpQW_VvaTl,False
Cofounder of bankrupt crypto hedge fund Three Arrows Capital arrested trying to flee Singapore,Fortune,2023-09-29,https://fortune.com/crypto/2023/09/29/crypto-hedge-fund-three-arrows-capital-cofounder-su-zhu-arrested-singapore/&ved=2ahUKEwjC3YrVuNqBAxVYmWoFHeeDCkE4vgEQxfQBegQIBBAC&usg=AOvVaw23bYY_UDtN_S-Z9ItkAaXp,False
The Best Crypto Wallets of October 2023 – Forbes Advisor,Forbes,2023-09-29,https://www.forbes.com/advisor/investing/cryptocurrency/best-crypto-wallets/&ved=2ahUKEwjC3YrVuNqBAxVYmWoFHeeDCkE4vgEQxfQBegQIBhAC&usg=AOvVaw1qp7_O5I1dAAm7Pb-80Xj8,False
"Napster’s new CEO has a big, crypto-based idea for the next phase of music",Fortune,2023-09-29,https://fortune.com/crypto/2023/09/29/napsters-new-ceo-has-a-big-crypto-based-idea-for-the-next-phase-of-music/&ved=2ahUKEwixk6bWuNqBAxVlk2oFHQXsFqg4yAEQxfQBegQIAhAC&usg=AOvVaw3bbF-l7EZmgaXU0tM6oeWO,False
Su Zhu of Three Arrows Crypto Fund Has Been Arrested,New York Magazine,2023-09-29,https://nymag.com/intelligencer/2023/09/su-zhu-of-three-arrows-crypto-fund-has-been-arrested.html&ved=2ahUKEwixk6bWuNqBAxVlk2oFHQXsFqg4yAEQxfQBegQICRAC&usg=AOvVaw0dOST2cjLaFkTLx_xt9y9o,False
"Bankrupt Crypto Hedge Fund 3AC's Su Zhu Apprehended in Singapore, Liquidator Says",CoinDesk,2023-09-29,https://www.coindesk.com/policy/2023/09/29/bankrupt-crypto-hedge-fund-3acs-su-zhu-apprehended-in-singapore-liquidator-says/&ved=2ahUKEwixk6bWuNqBAxVlk2oFHQXsFqg4yAEQxfQBegQIBxAC&usg=AOvVaw1jbpkP0sQyW5TF9mRSaU0X,False
FTX's $3.4B crypto liquidation: What it means for crypto markets,Cointelegraph,2023-09-29,https://cointelegraph.com/news/ftx-crypto-liquidation-crypto-markets-solana-price&ved=2ahUKEwixk6bWuNqBAxVlk2oFHQXsFqg4yAEQxfQBegQIBRAC&usg=AOvVaw0YPPOt-BfDlgwh4-zz_qoh,False
Gemini to Cease Offering Crypto Services in Netherlands in November,CoinDesk,2023-09-29,https://www.coindesk.com/policy/2023/09/29/gemini-to-cease-offering-crypto-services-in-netherlands-in-november/&ved=2ahUKEwixk6bWuNqBAxVlk2oFHQXsFqg4yAEQxfQBegQIBhAC&usg=AOvVaw1c-SoBEdGwMlkLiNHbv7tT,False
"Coinbase CEO slams JPMorgan for banning crypto payments in UK, suggests government should act",CNBC,2023-09-29,https://www.cnbc.com/2023/09/29/coinbase-ceo-jpmorgan-chase-uk-shouldnt-deplatform-crypto-industry.html&ved=2ahUKEwixk6bWuNqBAxVlk2oFHQXsFqg4yAEQxfQBegQIABAC&usg=AOvVaw26h6XLsmmhGUIuxWBH_aQJ,False
JPEX Crypto Exchange Probe Sees 4 More Arrests: SCMP,CoinDesk,2023-09-29,https://www.coindesk.com/policy/2023/09/29/jpex-crypto-exchange-probe-sees-4-more-arrests-scmp/&ved=2ahUKEwixk6bWuNqBAxVlk2oFHQXsFqg4yAEQxfQBegQICBAC&usg=AOvVaw0N4wCA_hdJnonJyNApMIPb,False
Bitcoin Rises as Crypto Traders Turn Bullish on Government Shutdown,Barron's,2023-09-29,https://www.barrons.com/articles/bitcoin-crypto-markets-today-1b79aa53&ved=2ahUKEwixk6bWuNqBAxVlk2oFHQXsFqg4yAEQxfQBegQIBBAC&usg=AOvVaw3zWPa_qnJV5O03Notme7yf,False
Bankman-Fried trial poses biggest test to date for crypto's top cop,Reuters,2023-09-29,https://www.reuters.com/legal/bankman-fried-trial-poses-biggest-test-date-cryptos-top-cop-2023-09-29/&ved=2ahUKEwixk6bWuNqBAxVlk2oFHQXsFqg4yAEQxfQBegQIAxAC&usg=AOvVaw045tsKIMZbigp5FlhUKgs8,False
Parents of the founder of bankrupt crypto exchange FTX face their own legal troubles,NPR,2023-09-29,https://www.npr.org/2023/09/29/1202582126/parents-of-the-founder-of-bankrupt-crypto-exchange-ftx-face-their-own-legal-trou&ved=2ahUKEwixk6bWuNqBAxVlk2oFHQXsFqg4yAEQxfQBegQIARAC&usg=AOvVaw2QZwM0XH9ANQLQYOWgndw6,False
Coinbase Attempts to Plug Void in Crypto Perpetuals Left by FTX,CoinDesk,2023-09-29,https://www.coindesk.com/business/2023/09/29/coinbase-attempts-to-plug-void-in-crypto-perpetuals-left-by-ftx/&ved=2ahUKEwjhy73XuNqBAxUolGoFHePiDrM40gEQxfQBegQIBxAC&usg=AOvVaw3n70AbW9cP-Wu1t8Sbj2Ia,False
The Metaverse is real: Zuck's 'incredible' photorealistic tech wows crypto Twitter,Cointelegraph,2023-09-29,https://cointelegraph.com/news/metaverse-podcast-lex-fridman-mark-zuckerberg-avatars-meta-codec&ved=2ahUKEwjhy73XuNqBAxUolGoFHePiDrM40gEQxfQBegQICRAC&usg=AOvVaw30M0HcJhc6gE_flyBL0N_F,False
"Exchanges federation touts crypto trading regulation, integration with TradFi",Cointelegraph,2023-09-29,https://cointelegraph.com/news/exchanges-federation-touts-crypto-trading-regulation-integration-tradfi&ved=2ahUKEwjhy73XuNqBAxUolGoFHePiDrM40gEQxfQBegQIBBAC&usg=AOvVaw1lW1N4A_s0hPdsTtMUL2ju,False
Top 10 Cryptocurrencies to Buy and Hold for 10 Years: Evaluating Crypto Predictions,Yahoo Finance,2023-09-29,https://finance.yahoo.com/news/top-10-cryptocurrencies-buy-hold-222447335.html&ved=2ahUKEwjhy73XuNqBAxUolGoFHePiDrM40gEQxfQBegQIARAC&usg=AOvVaw148gGm3uIpwq_NPxuV0dQi,False
U.S. House Bill Seeks Centralized Record of Off-Chain Crypto Transactions,CoinDesk,2023-09-29,https://www.coindesk.com/policy/2023/09/28/us-house-bill-seeks-centralized-record-of-off-chain-crypto-transactions/&ved=2ahUKEwjhy73XuNqBAxUolGoFHePiDrM40gEQxfQBegQICBAC&usg=AOvVaw1tjyT0AkkjU39PvofL7lzp,False
Coinbase CEO joins entrepreneurs on Capitol Hill to push for clear crypto rules: CNBC Crypto World,YouTube,2023-09-29,https://www.youtube.com/watch%3Fv%3DB76G_ri8j_A&ved=2ahUKEwjhy73XuNqBAxUolGoFHePiDrM40gEQxfQBegQIAhAC&usg=AOvVaw3-sY7r-12HkTlmbq_FSLpP,False
Crypto News: What is happening in the World of Cryptocurrency? – Forbes Advisor Australia,Forbes,2023-09-29,https://www.forbes.com/advisor/au/investing/cryptocurrency/crypto-news-australia/&ved=2ahUKEwjhy73XuNqBAxUolGoFHePiDrM40gEQxfQBegQIBRAC&usg=AOvVaw3Dxo4arlDIDfnI9g0Hx1rK,False
Europe’s Crypto Industry Wants Staking Clarity as Regulations Loom,CoinDesk,2023-09-28,https://www.coindesk.com/policy/2023/09/28/europes-crypto-industry-wants-staking-clarity-as-regulations-loom/&ved=2ahUKEwjhy73XuNqBAxUolGoFHePiDrM40gEQxfQBegQIBhAC&usg=AOvVaw28jEQF0SqiCwSdfWBCzj4w,False
Security researcher stopped at US border for investigating crypto scam,Bleeping Computer,2023-09-28,https://www.bleepingcomputer.com/news/security/security-researcher-stopped-at-us-border-for-investigating-crypto-scam/&ved=2ahUKEwjhy73XuNqBAxUolGoFHePiDrM40gEQxfQBegQIABAC&usg=AOvVaw1vM9kva7Kq-IV_22J3qfQy,True
Coinbase Breaks Into Crypto's Biggest Market with Perpetual Futures Approval,Barron's,2023-09-28,https://www.barrons.com/articles/coinbase-perpetual-futures-crypto-retail-7c3b4660&ved=2ahUKEwjhy73XuNqBAxUolGoFHePiDrM40gEQxfQBegQIAxAC&usg=AOvVaw2cX2fII2RyZPxjvcev4910,False
SEC Chair Gensler faces bipartisan backlash over strict crypto regulations,Yahoo Finance,2023-09-28,https://finance.yahoo.com/news/sec-chair-gensler-faces-bipartisan-113000989.html&ved=2ahUKEwjF_-LYuNqBAxUlnGoFHWYrC8443AEQxfQBegQIBBAC&usg=AOvVaw3QxR77Y3ZVW5BMrBA02i3j,False
Europe drives institutional crypto adoption: Blockchain Expo Amsterdam,Cointelegraph,2023-09-28,https://cointelegraph.com/news/europe-institutional-crypto-adoption-blockchain-expo-amsterdam&ved=2ahUKEwjF_-LYuNqBAxUlnGoFHWYrC8443AEQxfQBegQICBAC&usg=AOvVaw2p-ae_FFn6NYIIxR7ptHzN,False
Crypto.com to become preferred exchange for PayPal USD,Cointelegraph,2023-09-28,https://cointelegraph.com/news/crypto-com-preferred-exchange-pay-pal-usd&ved=2ahUKEwjF_-LYuNqBAxUlnGoFHWYrC8443AEQxfQBegQIBhAC&usg=AOvVaw24mrXCcxJDiPHD2LQD48al,False
Brazil's crypto surge prompts central bank to tighten regulation,Cointelegraph,2023-09-28,https://cointelegraph.com/news/crypto-surge-brazil-central-bank-to-tighten-regulation&ved=2ahUKEwjF_-LYuNqBAxUlnGoFHWYrC8443AEQxfQBegQIAhAC&usg=AOvVaw06I_nZ-9VmCKFK6E1czPbX,False
SEC's Gensler taken to task over crypto custody guidance again in House hearing,Cointelegraph,2023-09-28,https://cointelegraph.com/news/sec-gensler-crypto-custody-guidance-house-hearing&ved=2ahUKEwjF_-LYuNqBAxUlnGoFHWYrC8443AEQxfQBegQIBRAC&usg=AOvVaw008NpGQ23gtxvS5lYsB_pU,False
"Minecraft bans Bitcoin P2E, iPhone 15 & crypto gaming, Formula E: Web3 Gamer",Cointelegraph,2023-09-28,https://cointelegraph.com/magazine/minecraft-bans-bitcoin-play-earn-iphone-15-crypto-gaming-formulae-preview-web3-gamer/&ved=2ahUKEwjF_-LYuNqBAxUlnGoFHWYrC8443AEQxfQBegQIABAC&usg=AOvVaw3TUIDXhYF5v2tRMFBp2f2T,False
SEC’s Gensler Throws More Crypto Punches in Congressional Hearing,CoinDesk,2023-09-28,https://www.coindesk.com/policy/2023/09/27/secs-gensler-throws-more-crypto-punches-in-congressional-hearing/&ved=2ahUKEwjF_-LYuNqBAxUlnGoFHWYrC8443AEQxfQBegQIBxAC&usg=AOvVaw2J8IU5sqojYE_cfzfKYxSA,False
"US crypto industry comes to Washington, but faces uphill struggle",Reuters,2023-09-28,https://www.reuters.com/business/finance/us-crypto-industry-comes-washington-faces-uphill-struggle-2023-09-27/&ved=2ahUKEwjF_-LYuNqBAxUlnGoFHWYrC8443AEQxfQBegQIAxAC&usg=AOvVaw3DsINE7xBJFrt4XYRmoCTE,False
Coinbase CEO: The U.S. is lagging behind in crypto regulation,YouTube,2023-09-28,https://www.youtube.com/watch%3Fv%3Dkg5ZR98E9_o&ved=2ahUKEwjF_-LYuNqBAxUlnGoFHWYrC8443AEQxfQBegQICRAC&usg=AOvVaw3ChT2u9D-Smgrfu9D45DtT,False
Crypto Exchange Kraken to Explore Stock Trading: Bloomberg,CoinDesk,2023-09-28,https://www.coindesk.com/business/2023/09/27/crypto-exchange-kraken-to-explore-stock-trading-bloomberg/&ved=2ahUKEwjF_-LYuNqBAxUlnGoFHWYrC8443AEQxfQBegQIARAC&usg=AOvVaw0UkIgHq7gSqahQim0lVbuF,False
How AI is changing crypto: Hype vs. reality,Cointelegraph,2023-09-28,https://cointelegraph.com/news/how-ai-changing-crypto-hype-reality&ved=2ahUKEwjN-ILauNqBAxU7kmoFHQzcAR045gEQxfQBegQICBAC&usg=AOvVaw29NCmjJvFp1J8wvxs3MxdI,False
"Crypto exchange Kraken to offer US-listed stocks' trading, Bloomberg reports",Reuters,2023-09-28,https://www.reuters.com/markets/currencies/crypto-exchange-kraken-offer-us-listed-stocks-trading-bloomberg-news-2023-09-27/&ved=2ahUKEwjN-ILauNqBAxU7kmoFHQzcAR045gEQxfQBegQICRAC&usg=AOvVaw087lkEjRp4axFTOcIaJqZM,False
‘Alarm Bells For Crypto’—Leak Reveals Joe Biden Could Be About To Issue a Game-Changing Executive Order And Trigger Bitcoin Price Chaos,Forbes,2023-09-27,https://www.forbes.com/sites/digital-assets/2023/09/27/alarm-bells-for-crypto-leak-reveals-joe-biden-could-be-about-to-issue-a-game-changing-executive-order-and-trigger-bitcoin-price-chaos/&ved=2ahUKEwjN-ILauNqBAxU7kmoFHQzcAR045gEQxfQBegQIBhAC&usg=AOvVaw2bQxbMurrdfchhPGJGsJTz,False
Crypto Scam Led to Demise of Heartland Tri-State Bank,Bloomberg.com,2023-09-27,https://www.bloomberg.com/news/articles/2023-09-27/crypto-scam-led-to-demise-of-heartland-tri-state-bank&ved=2ahUKEwjN-ILauNqBAxU7kmoFHQzcAR045gEQxfQBegQIBBAC&usg=AOvVaw1F-18QXti6hRhmPesrGhD_,True
Binance to Exit Russia With Sale to Crypto Exchange CommEX,The Wall Street Journal,2023-09-27,https://www.wsj.com/finance/currencies/binance-to-exit-russia-with-sale-to-crypto-exchange-commex-1b42bb16&ved=2ahUKEwjN-ILauNqBAxU7kmoFHQzcAR045gEQxfQBegQIABAC&usg=AOvVaw3mI0_MrXsoYp55EGDXWbqd,False
FTX Chief Once Met With Powell. Now D.C. Crypto Lobbyists Are Struggling.,The New York Times,2023-09-27,https://www.nytimes.com/2023/09/27/business/economy/crypto-lobbying-washington-ftx.html&ved=2ahUKEwjN-ILauNqBAxU7kmoFHQzcAR045gEQxfQBegQIAhAC&usg=AOvVaw1oAloMYBrSo40AhijcrKL3,False
12 Most Popular Types Of Cryptocurrency,Bankrate,2023-09-27,https://www.bankrate.com/investing/types-of-cryptocurrency/&ved=2ahUKEwjN-ILauNqBAxU7kmoFHQzcAR045gEQxfQBegQIARAC&usg=AOvVaw3lNVrJGUgVfF729b8eMP9Z,False
Crypto market cap 2010-2023,Statista,2023-09-27,https://www.statista.com/statistics/730876/cryptocurrency-maket-value/&ved=2ahUKEwjN-ILauNqBAxU7kmoFHQzcAR045gEQxfQBegQIBRAC&usg=AOvVaw2cc0ICNOON3e2OqJanUeAH,False
"Fed report blames Silvergate collapse on crypto coziness, nepotism",Blockworks,2023-09-27,https://blockworks.co/news/federal-reserve-board-report-silvergate-collapse&ved=2ahUKEwjN-ILauNqBAxU7kmoFHQzcAR045gEQxfQBegQIAxAC&usg=AOvVaw0XcXsOn0wcSCCXxYruaokY,False
Idris Elba Is Ready to Talk About Crypto,WIRED,2023-09-27,https://www.wired.com/story/idris-elba-crypto-stellar-development-foundation/&ved=2ahUKEwjN-ILauNqBAxU7kmoFHQzcAR045gEQxfQBegQIBxAC&usg=AOvVaw1G635VN2hUsMf3PpaCzJYx,False
Crypto lender BlockFi gets court nod for plan to repay customers,Cointelegraph,2023-09-27,https://cointelegraph.com/news/crypto-lender-block-fi-liquidation-plan-approval-repay-customer&ved=2ahUKEwic3aHbuNqBAxUrkmoFHV8QBEw48AEQxfQBegQICBAC&usg=AOvVaw3K60QyvEOsFzC7lx9iEQu4,False
Chase UK will soon bar its customers from making crypto transactions due to an uptick in scams,AP News,2023-09-27,https://apnews.com/article/chase-uk-bans-cryptocurreny-transactions-c03b555641f2c0af6ccbc03d142e0a1c&ved=2ahUKEwic3aHbuNqBAxUrkmoFHV8QBEw48AEQxfQBegQICRAC&usg=AOvVaw3lPUzSwLXb1XnwP6eCdSl_,True
JPMorgan’s Chase UK bank to block crypto transactions over scam fears: CNBC Crypto World,YouTube,2023-09-27,https://www.youtube.com/watch%3Fv%3DyNusdD36gMs&ved=2ahUKEwic3aHbuNqBAxUrkmoFHV8QBEw48AEQxfQBegQIABAC&usg=AOvVaw0xOAKArmFFLXw0rOB944bI,True
How Staking Rates Can Drive the Crypto Economy Forward,CoinDesk,2023-09-27,https://www.coindesk.com/consensus-magazine/2023/09/26/how-staking-rates-can-drive-the-crypto-economy-forward/&ved=2ahUKEwic3aHbuNqBAxUrkmoFHV8QBEw48AEQxfQBegQIBxAC&usg=AOvVaw3c65hmjUQyd6n0hKF1QV3B,False
"The crypto industry is not dead yet. BlackRock is about to revive it, says Bernstein",CNBC,2023-09-27,https://www.cnbc.com/2023/09/26/blackrock-is-about-to-revive-the-crypto-industry-bernstein-says.html&ved=2ahUKEwic3aHbuNqBAxUrkmoFHV8QBEw48AEQxfQBegQIAhAC&usg=AOvVaw2zznNi81QCBa6JNuQ1mC5q,False
JPMorgan's UK digital bank blocks customers from buying crypto,CNBC,2023-09-26,https://www.cnbc.com/2023/09/26/jpmorgans-uk-digital-bank-blocks-customers-from-buying-crypto.html&ved=2ahUKEwic3aHbuNqBAxUrkmoFHV8QBEw48AEQxfQBegQIBhAC&usg=AOvVaw0wK_tgKvE7DaeywQ8U_dI_,False
JPMorgan's UK bank Chase to ban crypto transactions,Reuters,2023-09-26,https://www.reuters.com/technology/jpmorgans-uk-bank-chase-ban-crypto-transactions-2023-09-26/&ved=2ahUKEwic3aHbuNqBAxUrkmoFHV8QBEw48AEQxfQBegQIBBAC&usg=AOvVaw1LQr8HgLvHeNUnTOzIvBeE,False
"Chase U.K. to Block Crypto Payments Citing Fraud, Scams",CoinDesk,2023-09-26,https://www.coindesk.com/policy/2023/09/26/chase-uk-to-block-crypto-payments-citing-fraud-scams/&ved=2ahUKEwic3aHbuNqBAxUrkmoFHV8QBEw48AEQxfQBegQIARAC&usg=AOvVaw36TVc_DxOvezKsEXQcdfvo,True
"Binance, the World's Biggest Crypto Firm, Is Melting Down - WSJ",The Wall Street Journal,2023-09-26,https://www.wsj.com/finance/currencies/the-worlds-biggest-crypto-firm-is-melting-down-338b8e17&ved=2ahUKEwic3aHbuNqBAxUrkmoFHV8QBEw48AEQxfQBegQIAxAC&usg=AOvVaw0XXQJ0ZXWkvZ-2D4wjHBOw,False
MoneyGram unveils non-custodial wallet to bridge the worlds of crypto and fiat currency with USDC,Fortune,2023-09-26,https://fortune.com/crypto/2023/09/26/moneygram-noncustodial-wallet-usdc-stellar-crypto-remittances/&ved=2ahUKEwic3aHbuNqBAxUrkmoFHV8QBEw48AEQxfQBegQIBRAC&usg=AOvVaw3PD6DIIvqCPrGA7AyM-esC,False
Crypto exchange Binance reopens exchange services in Belgium,Cointelegraph,2023-09-26,https://cointelegraph.com/news/crypto-exchange-binance-resumes-services-belgium&ved=2ahUKEwiaysTcuNqBAxWkmWoFHXsgBTk4-gEQxfQBegQIBxAC&usg=AOvVaw16FEqTPMZm56l_Cvl5Heg5,False
Hong Kong crypto firm hit by $200 million hack,Reuters,2023-09-26,https://www.reuters.com/technology/hong-kong-crypto-firm-hit-by-200-million-hack-2023-09-25/&ved=2ahUKEwiaysTcuNqBAxWkmWoFHXsgBTk4-gEQxfQBegQICRAC&usg=AOvVaw1th99uB3kqQ32pMWgKe28X,False
"Hong Kong to tighten crypto regulation, Thailand to tax crypto overseas: Law Decoded",Cointelegraph,2023-09-26,https://cointelegraph.com/news/hong-kong-to-tighten-crypto-regulation-thailand-to-tax-crypto-overseas-law-decoded-sept-18-25&ved=2ahUKEwiaysTcuNqBAxWkmWoFHXsgBTk4-gEQxfQBegQIABAC&usg=AOvVaw0znpfqo6wJ-zVNs_m66jOZ,False
"Crypto sees outflows for 6th consecutive week, XRP and SOL gain investor confidence",Cointelegraph,2023-09-26,https://cointelegraph.com/news/crypto-sees-outflows-for-6th-consecutive-week-xrp-sol-gain-investor-confidence&ved=2ahUKEwiaysTcuNqBAxWkmWoFHXsgBTk4-gEQxfQBegQIAxAC&usg=AOvVaw04R1XVf7mXhmQIhUbHK8Jn,False
Hong Kong fraud probe tests city's pro-crypto stance,Financial Times,2023-09-26,https://www.ft.com/content/74a88386-189f-44f3-b173-a77c97b2943c&ved=2ahUKEwiaysTcuNqBAxWkmWoFHXsgBTk4-gEQxfQBegQIBhAC&usg=AOvVaw2-nfyq8xTwBKIbSZfPcY3O,False
Hackers steal $200M from crypto company Mixin,TechCrunch,2023-09-26,https://techcrunch.com/2023/09/25/hackers-steal-200-million-from-crypto-company-mixin/&ved=2ahUKEwiaysTcuNqBAxWkmWoFHXsgBTk4-gEQxfQBegQIARAC&usg=AOvVaw3Iiule0Ps-HTUiYVZgXhGg,False
"Shock Crypto Leak Reveals Microsoft Could Be About To Blow Up The Price Of Bitcoin, Ethereum, XRP And BNB",Forbes,2023-09-26,https://www.forbes.com/sites/digital-assets/2023/09/25/shock-crypto-xbox-leak-reveals-microsoft-could-be-about-to-blow-up-the-price-of-bitcoin-ethereum-xrp-and-bnb/&ved=2ahUKEwiaysTcuNqBAxWkmWoFHXsgBTk4-gEQxfQBegQIBBAC&usg=AOvVaw1D8saKqJgqRyUgnduSSdvQ,False
Panorama - Downfall of the Crypto King - Extended Version,BBC,2023-09-26,https://www.bbc.co.uk/iplayer/episode/p0gffn3y/panorama-downfall-of-the-crypto-king-extended-version&ved=2ahUKEwiaysTcuNqBAxWkmWoFHXsgBTk4-gEQxfQBegQICBAC&usg=AOvVaw26nfYAee-PNJWftDaWtAdo,False
Crypto king or conman: is Sam Bankman-Fried about to be sent down for a century?,The Guardian,2023-09-26,https://www.theguardian.com/business/2023/sep/25/crypto-king-or-conman-is-sam-bankman-fried-about-to-be-sent-down-for-a-century&ved=2ahUKEwiaysTcuNqBAxWkmWoFHXsgBTk4-gEQxfQBegQIBRAC&usg=AOvVaw3lwLL6Q81XjiLYoYlq7RKX,False
FTX: How the fall of the 'King of Crypto' cost one British man millions,BBC,2023-09-26,https://www.bbc.com/news/technology-66892685&ved=2ahUKEwiaysTcuNqBAxWkmWoFHXsgBTk4-gEQxfQBegQIAhAC&usg=AOvVaw1iP1ow2KGNd6_Hr5WZ33BV,False
Crypto traders shift focus to 4 altcoins as Bitcoin price flatlines,Cointelegraph,2023-09-26,https://cointelegraph.com/news/bitcoin-price-flat-altcoins-chainlink-maker-arbitrum-theta-network&ved=2ahUKEwijjODduNqBAxUIlmoFHYMjA0c4hAIQxfQBegQIABAC&usg=AOvVaw23zs2BPww5IeGz4ywp9aUI,False
Yield Farming: The Truth About This Crypto Investment Strategy,Investopedia,2023-09-26,https://www.investopedia.com/what-is-yield-farming-7098519&ved=2ahUKEwijjODduNqBAxUIlmoFHYMjA0c4hAIQxfQBegQICRAC&usg=AOvVaw287g0cDWRxFWfMrFSro3yq,False
Tokenizing real-world assets on blockchains is for crypto lovers as well as crypto skeptics now,CNBC,2023-09-26,https://www.cnbc.com/2023/09/23/tokenizing-real-world-assets-on-blockchains-is-for-crypto-lovers-as-well-as-crypto-skeptics-now.html&ved=2ahUKEwijjODduNqBAxUIlmoFHYMjA0c4hAIQxfQBegQIBhAC&usg=AOvVaw3FhjExe7JJIFYXkQUoBiPQ,False
JPEX: Hong Kong investigates influencer-backed crypto exchange,BBC,2023-09-26,https://www.bbc.com/news/world-asia-china-66874170&ved=2ahUKEwijjODduNqBAxUIlmoFHYMjA0c4hAIQxfQBegQIARAC&usg=AOvVaw05FaQJ0muNXN0hFdNSSqE7,False
A Complete Guide to Cryptocurrency,The Motley Fool,2023-09-26,https://www.fool.com/investing/stock-market/market-sectors/financials/cryptocurrency-stocks/guide-to-cryptocurrencies/&ved=2ahUKEwijjODduNqBAxUIlmoFHYMjA0c4hAIQxfQBegQIBBAC&usg=AOvVaw1Kvvc9bHpBa4Ww_5Aej4aE,False
"Vitalik Buterin, the man behind ethereum, talks crypto and the U.S. crackdown",CNBC,2023-09-26,https://www.cnbc.com/2023/09/22/vitalik-buterin-cnbc-interview-ethereum-founder-on-us-crypto-crackdown.html&ved=2ahUKEwijjODduNqBAxUIlmoFHYMjA0c4hAIQxfQBegQIAxAC&usg=AOvVaw1V96nb4gjwUugrdjEfCPdB,False
Your NFTs Are Actually — Finally — Totally Worthless,Rolling Stone,2023-09-19,https://www.rollingstone.com/culture/culture-news/nfts-worthless-researchers-find-1234828767/&ved=2ahUKEwijjODduNqBAxUIlmoFHYMjA0c4hAIQxfQBegQIBxAC&usg=AOvVaw2seXnRUZ8JKNOrLJqsutyx,False
13 Best Bitcoin Gambling Sites and Crypto Casinos High Rollers Choose,Times Union,2023-09-19,https://www.timesunion.com/marketplace/article/best-crypto-casinos-17622100.php&ved=2ahUKEwijjODduNqBAxUIlmoFHYMjA0c4hAIQxfQBegQIAhAC&usg=AOvVaw32yuian5RZ8ikKTXRXHjCx,False
FTX: 'King of Crypto' parents sued over missing millions,BBC,2023-09-19,https://www.bbc.com/news/business-66857146&ved=2ahUKEwijjODduNqBAxUIlmoFHYMjA0c4hAIQxfQBegQICBAC&usg=AOvVaw3j0tv2b-0UmP9XWXThsbw8,False
"SEC’s Crypto Enforcement Chief Warns More Charges Coming to Exchanges, DeFi",CoinDesk,2023-09-19,https://www.coindesk.com/policy/2023/09/19/us-secs-crypto-enforcement-chief-warns-more-charges-coming-to-exchanges-defi/&ved=2ahUKEwijjODduNqBAxUIlmoFHYMjA0c4hAIQxfQBegQIBRAC&usg=AOvVaw1GzaUsBKYnTmBofKeumAVr,False
FTX Tweaks Crypto Sale Proposal to Placate U.S. Government,CoinDesk,2023-09-12,https://www.coindesk.com/policy/2023/09/13/ftx-tweaks-crypto-sale-proposal-to-placate-us-government/&ved=2ahUKEwiogpbfuNqBAxWEnGoFHS9EBs04jgIQxfQBegQIARAC&usg=AOvVaw0EEVvYcCdbmdyd6MWaFNuS,False
SEC Chair Gensler calls out crypto’s ‘wide-ranging noncompliance’ in hearing: CNBC Crypto World,YouTube,2023-09-12,https://www.youtube.com/watch%3Fv%3DRF8N_-4dySw&ved=2ahUKEwiogpbfuNqBAxWEnGoFHS9EBs04jgIQxfQBegQICRAC&usg=AOvVaw2FfrUzlgu90a-sD9HbzE21,False
Binance.US CEO Leaves Embattled Crypto Exchange,The Wall Street Journal,2023-09-12,https://www.wsj.com/finance/currencies/binance-us-ceo-leaves-embattled-crypto-exchange-ac93f2b7&ved=2ahUKEwiogpbfuNqBAxWEnGoFHS9EBs04jgIQxfQBegQIAhAC&usg=AOvVaw2MTRqAeP5VMQ_zPszYZwrr,False
"Serious $1 Trillion ‘Looming’ Price Crash Warning Issued For Bitcoin, Ethereum And Crypto",Forbes,2023-09-12,https://www.forbes.com/sites/digital-assets/2023/09/12/serious-1-trillion-looming-price-crash-warning-issued-for-bitcoin-ethereum-and-crypto/&ved=2ahUKEwiogpbfuNqBAxWEnGoFHS9EBs04jgIQxfQBegQIABAC&usg=AOvVaw14b7E9ThfCNRiulbxtwKdJ,False
1 Cheap Crypto to Buy Right Now,The Motley Fool,2023-09-12,https://www.fool.com/investing/2023/09/12/1-cheap-crypto-to-buy-right-now/&ved=2ahUKEwiogpbfuNqBAxWEnGoFHS9EBs04jgIQxfQBegQIAxAC&usg=AOvVaw3hLVg7_f-xugTtRtv90Cus,False
"Wash Trading Rampant on Decentralized (DeFi) Crypto Exchanges, Solidus Labs Says",Bloomberg.com,2023-09-12,https://www.bloomberg.com/news/articles/2023-09-12/wash-trading-is-rampant-on-decentralized-crypto-exchanges&ved=2ahUKEwiogpbfuNqBAxWEnGoFHS9EBs04jgIQxfQBegQIBxAC&usg=AOvVaw3Go2xPKkSxiNxmkWZv37FG,False
SEC Chair Gensler calls out crypto's 'wide-ranging noncompliance' in Senate hearing,CNBC,2023-09-12,https://www.cnbc.com/video/2023/09/12/sec-chair-gensler--wide-ranging-noncompliance-senate-hearing-crypto-world.html&ved=2ahUKEwiogpbfuNqBAxWEnGoFHS9EBs04jgIQxfQBegQICBAC&usg=AOvVaw27VfrF2TL8hlbJI86JgIcO,False
Binance US CEO Departs as Crypto Platform Cuts Third of Staff,Bloomberg.com,2023-09-12,https://www.bloomberg.com/news/articles/2023-09-12/binance-us-cuts-100-positions-as-crackdown-erodes-crypto-business&ved=2ahUKEwiogpbfuNqBAxWEnGoFHS9EBs04jgIQxfQBegQIBhAC&usg=AOvVaw2WorFNSahTG9s3w3zq-IRp,False
"Co-founder of $4 billion crypto fraud scheme gets 20 years in prison, 'Cryptoqueen' partner remains at large",CNBC,2023-09-12,https://www.cnbc.com/2023/09/12/cryptoqueen-partner-gets-20-years-prison-in-4-billion-ponzi-fraud.html&ved=2ahUKEwiogpbfuNqBAxWEnGoFHS9EBs04jgIQxfQBegQIBRAC&usg=AOvVaw0ZfI0FFrpbHSxmfNMcnzsh,False
Standard Chartered-owned crypto firm Zodia launches in Singapore,CNBC,2023-09-12,https://www.cnbc.com/2023/09/11/standard-chartered-owned-crypto-firm-zodia-launches-in-singapore.html&ved=2ahUKEwiogpbfuNqBAxWEnGoFHS9EBs04jgIQxfQBegQIBBAC&usg=AOvVaw0o2g1pdEMjlRSO815ygtVx,False
PayPal Introduces On and Off Ramps for Web3 Payments,PayPal Newsroom,2023-09-12,https://newsroom.paypal-corp.com/2023-09-11-PayPal-Introduces-On-and-Off-Ramps-for-Web3-Payments&ved=2ahUKEwit4r_guNqBAxVMkmoFHfQTDTk4mAIQxfQBegQIBhAC&usg=AOvVaw2TrYDcrqOmdEfz_roMsG5s,False
"Joe Biden, China And G20 Leaders Back ‘Swift’ Game-Changing Crypto Price Rules For $1 Trillion Bitcoin, Ethereum, BNB And XRP Market",Forbes,2023-09-12,https://www.forbes.com/sites/digital-assets/2023/09/10/joe-biden-and-g20-nations-endorse-game-changing-radical-global-crypto-price-rules-for-1-trillion-bitcoin-ethereum-bnb-xrp-and-crypto-market/&ved=2ahUKEwit4r_guNqBAxVMkmoFHfQTDTk4mAIQxfQBegQICRAC&usg=AOvVaw1ula6ckYXp7O79Njx4JMic,False
‘Deeply Concerned’—Fed Issues Serious $120 Billion Crypto Warning As Price ‘Death Cross’ Looms For Bitcoin And Ethereum,Forbes,2023-09-12,https://www.forbes.com/sites/digital-assets/2023/09/09/deeply-concerned-fed-issues-serious-120-billion-crypto-warning-as-price-death-cross-looms-for-bitcoin-and-ethereum/&ved=2ahUKEwit4r_guNqBAxVMkmoFHfQTDTk4mAIQxfQBegQIBBAC&usg=AOvVaw3ziTtpWwUawBfh0XMgzIHZ,False
G20 moves forward with international crypto framework,Cointelegraph,2023-09-12,https://cointelegraph.com/news/g20-moves-forward-international-crypto-framework&ved=2ahUKEwit4r_guNqBAxVMkmoFHfQTDTk4mAIQxfQBegQIARAC&usg=AOvVaw1fb4RCEXpPNu66TPhjeLkd,False
"Boss of Failed Crypto Exchange Gets 11,196-Year Sentence",The Wall Street Journal,2023-09-12,https://www.wsj.com/livecoverage/stock-market-today-dow-jones-09-08-2023/card/boss-of-failed-crypto-exchange-gets-11-196-year-sentence-L6ps19yZdDz6SVJnEEWL&ved=2ahUKEwit4r_guNqBAxVMkmoFHfQTDTk4mAIQxfQBegQIAxAC&usg=AOvVaw0c1HGbef0-ReIJU71_Dr9B,False
"It’s Not Just BlackRock. Exchanges Like Nasdaq Are Muscling in on Crypto, Too.",Barron's,2023-09-12,https://www.barrons.com/articles/nasdaq-blackrock-exchanges-crypto-bitcoin-64a3f465&ved=2ahUKEwit4r_guNqBAxVMkmoFHfQTDTk4mAIQxfQBegQIBxAC&usg=AOvVaw30ZflChnKvQ0uxDPlnFN4y,False
Big Questions: What's with all the crypto deaths?,Cointelegraph,2023-09-12,https://cointelegraph.com/magazine/big-questions-crypto-deaths/&ved=2ahUKEwit4r_guNqBAxVMkmoFHfQTDTk4mAIQxfQBegQIAhAC&usg=AOvVaw3UJ_tvtdyhE04u68KlaxjE,False
A New Crypto Scam Shows Perils of Elon Musk's Twitter,CoinDesk,2023-09-12,https://www.coindesk.com/business/2023/09/08/a-new-crypto-scam-shows-perils-of-elon-musks-twitter/&ved=2ahUKEwit4r_guNqBAxVMkmoFHfQTDTk4mAIQxfQBegQICBAC&usg=AOvVaw3lbbiBjRlnbpPyshz4g8c0,True
"Crypto Isn't Dead for Everyone: A Surprising Number of Millennials, Gen X Are Still Invested",Nasdaq,2023-09-12,https://www.nasdaq.com/articles/crypto-isnt-dead-for-everyone%253A-a-surprising-number-of-millennials-gen-x-are-still-invested&ved=2ahUKEwit4r_guNqBAxVMkmoFHfQTDTk4mAIQxfQBegQIBRAC&usg=AOvVaw1wCD2bdddrjYDqODOd54zM,False
"Thodex cryptocurrency boss jailed for 11,196 years in Turkey for fraud",BBC,2023-09-12,https://www.bbc.com/news/world-europe-66752785&ved=2ahUKEwit4r_guNqBAxVMkmoFHfQTDTk4mAIQxfQBegQIABAC&usg=AOvVaw2Jes_SU1tLv5HHk4LlLhEz,False
Venture capital not done with crypto yet,Financial Times,2023-09-12,https://www.ft.com/content/14428c6e-63f8-4868-a85f-2d20f2c7973e&ved=2ahUKEwie9N7huNqBAxXJl2oFHV_vCf84ogIQxfQBegQICRAC&usg=AOvVaw1KNT3HAzPlx1rY0_W6Kcj_,False
"11,196 Years Jail Sentence for Faruk Özer, CEO of Collapsed Turkish Crypto Exchange Thodex",CoinDesk,2023-09-12,https://www.coindesk.com/policy/2023/09/08/11196-years-in-prison-for-faruk-ozer-ceo-of-collapsed-turkish-crypto-exchange-thodex/&ved=2ahUKEwie9N7huNqBAxXJl2oFHV_vCf84ogIQxfQBegQIBRAC&usg=AOvVaw2fAJqugBX0kGtTL528Vvni,False
10 Best Crypto Wallets of September 2023,NerdWallet,2023-09-05,https://www.nerdwallet.com/article/investing/best-bitcoin-cryptocurrency-wallet&ved=2ahUKEwie9N7huNqBAxXJl2oFHV_vCf84ogIQxfQBegQIAhAC&usg=AOvVaw302TdwarEso9am2mur4z0_,False
Big win for Big Crypto,Financial Times,2023-09-05,https://www.ft.com/content/4b416bb0-7cdd-4ce4-a410-114d43376db7&ved=2ahUKEwie9N7huNqBAxXJl2oFHV_vCf84ogIQxfQBegQICBAC&usg=AOvVaw2akUYJzkgsPoKzgY8NO7Vn,False
Why is the crypto market down this week?,Cointelegraph,2023-09-05,https://cointelegraph.com/news/why-is-the-crypto-market-down-this-week&ved=2ahUKEwie9N7huNqBAxXJl2oFHV_vCf84ogIQxfQBegQIBhAC&usg=AOvVaw3o2wtjgwQFT31XZMXQfSHE,False
Why Is The Crypto Market Down In October 2023?,Forbes,2023-09-05,https://www.forbes.com/advisor/in/investing/cryptocurrency/why-crypto-market-is-down/&ved=2ahUKEwie9N7huNqBAxXJl2oFHV_vCf84ogIQxfQBegQIABAC&usg=AOvVaw30Yh_M8G5ccuog1bIT1etD,False
"‘A Huge Deal’—Visa Reveals Crypto Payments Bombshell That Could Cause Bitcoin, Ethereum, BNB, XRP, Cardano, Dogecoin, Solana, Tron And Toncoin Price Chaos",Forbes,2023-09-05,https://www.forbes.com/sites/digital-assets/2023/09/07/a-huge-deal-visa-reveals-crypto-payments-bombshell-that-could-cause-bitcoin-ethereum-bnb-xrp-cardano-dogecoin-solana-tron-and-toncoin-price-chaos/&ved=2ahUKEwie9N7huNqBAxXJl2oFHV_vCf84ogIQxfQBegQIBxAC&usg=AOvVaw1S7TtLovp3lJLQDUAsmSNW,False
"Ozer, Founder of Failed Turkey Crypto Exchange Thodex Gets 11196 Years Prison",Bloomberg.com,2023-09-05,https://www.bloomberg.com/news/articles/2023-09-08/turkish-crypto-boss-sentenced-to-over-11-000-years-in-prison&ved=2ahUKEwie9N7huNqBAxXJl2oFHV_vCf84ogIQxfQBegQIBBAC&usg=AOvVaw0vl8C6QDGPGIvJSWSPWDOo,False
"Blanket Crypto Bans Won’t Work, IMF and FSB Warn in Joint Paper",CoinDesk,2023-09-05,https://www.coindesk.com/policy/2023/09/07/blanket-crypto-bans-wont-work-joint-imf-fsb-paper-warns/&ved=2ahUKEwie9N7huNqBAxXJl2oFHV_vCf84ogIQxfQBegQIAxAC&usg=AOvVaw2AXuXKaqPGUOOcXackZcR-,False
